"COUNTRY","COUNTRY_GRP","SEX","YEAR","VALUE"
"ALB","","FEMALE","1987","71.51"
"ALB","","FEMALE","1988","77.75"
"ALB","","FEMALE","1989","72.97"
"ALB","","FEMALE","1992","59.26"
"ALB","","FEMALE","1993","52.24"
"ALB","","FEMALE","1994","47.92"
"ALB","","FEMALE","1995","59.79"
"ALB","","FEMALE","1996","70.29"
"ALB","","FEMALE","1997","67.37"
"ALB","","FEMALE","1998","71.29"
"ALB","","FEMALE","1999","77.24"
"ALB","","FEMALE","2000","79.35"
"ALB","","FEMALE","2001","65.95"
"ALB","","FEMALE","2002","75.67"
"ALB","","FEMALE","2003","83.37"
"ALB","","FEMALE","2004","82.07"
"ALB","","FEMALE","2005","71.93"
"ALB","","FEMALE","2006","74.38"
"ALB","","FEMALE","2007","59.55"
"ALB","","FEMALE","2008","65.86"
"ALB","","FEMALE","2009","62.82"
"ARM","","FEMALE","1981","95.17"
"ARM","","FEMALE","1982","96.83"
"ARM","","FEMALE","1985","105.16"
"ARM","","FEMALE","1986","101.62"
"ARM","","FEMALE","1987","108.85"
"ARM","","FEMALE","1988","106.5"
"ARM","","FEMALE","1989","110.5"
"ARM","","FEMALE","1990","121.46"
"ARM","","FEMALE","1991","108.47"
"ARM","","FEMALE","1992","110.31"
"ARM","","FEMALE","1993","99.68"
"ARM","","FEMALE","1994","87.3"
"ARM","","FEMALE","1995","93.67"
"ARM","","FEMALE","1996","98.64"
"ARM","","FEMALE","1997","96.31"
"ARM","","FEMALE","1998","108.42"
"ARM","","FEMALE","1999","103.85"
"ARM","","FEMALE","2000","101.82"
"ARM","","FEMALE","2001","104.72"
"ARM","","FEMALE","2002","121.9"
"ARM","","FEMALE","2003","126.1"
"ARM","","FEMALE","2008","121.91"
"ARM","","FEMALE","2012","149.9"
"ARM","","FEMALE","2013","146.07"
"ARM","","FEMALE","2014","140.56"
"ARM","","FEMALE","2015","149.93"
"ARM","","FEMALE","2016","133.69"
"ARM","","FEMALE","2017","130.44"
"ARM","","FEMALE","2018","124.54"
"ARM","","FEMALE","2019","125.08"
"ARM","","FEMALE","2022","117.8"
"AUT","","FEMALE","1969","189.33"
"AUT","","FEMALE","1970","190.26"
"AUT","","FEMALE","1971","185.91"
"AUT","","FEMALE","1972","183.88"
"AUT","","FEMALE","1973","181.42"
"AUT","","FEMALE","1974","184.94"
"AUT","","FEMALE","1975","178.43"
"AUT","","FEMALE","1976","177.34"
"AUT","","FEMALE","1977","177.66"
"AUT","","FEMALE","1978","169.74"
"AUT","","FEMALE","1979","169.01"
"AUT","","FEMALE","1980","172.55"
"AUT","","FEMALE","1981","170.51"
"AUT","","FEMALE","1982","171.5"
"AUT","","FEMALE","1983","168.42"
"AUT","","FEMALE","1984","171.41"
"AUT","","FEMALE","1985","165.92"
"AUT","","FEMALE","1986","163.21"
"AUT","","FEMALE","1987","166.18"
"AUT","","FEMALE","1988","163.86"
"AUT","","FEMALE","1989","162.21"
"AUT","","FEMALE","1990","161.52"
"AUT","","FEMALE","1991","159.02"
"AUT","","FEMALE","1992","160.06"
"AUT","","FEMALE","1993","159.47"
"AUT","","FEMALE","1994","156.38"
"AUT","","FEMALE","1995","154.13"
"AUT","","FEMALE","1996","147.94"
"AUT","","FEMALE","1997","146.63"
"AUT","","FEMALE","1998","141.74"
"AUT","","FEMALE","1999","141.72"
"AUT","","FEMALE","2000","142.37"
"AUT","","FEMALE","2001","136.9"
"AUT","","FEMALE","2002","133.93"
"AUT","","FEMALE","2003","137.2"
"AUT","","FEMALE","2004","135.91"
"AUT","","FEMALE","2005","132.8"
"AUT","","FEMALE","2006","127.87"
"AUT","","FEMALE","2007","127.55"
"AUT","","FEMALE","2008","127.79"
"AUT","","FEMALE","2009","125.8"
"AUT","","FEMALE","2010","125.59"
"AUT","","FEMALE","2011","125.78"
"AUT","","FEMALE","2012","126.87"
"AUT","","FEMALE","2013","121.46"
"AUT","","FEMALE","2014","124.76"
"AUT","","FEMALE","2015","119.54"
"AUT","","FEMALE","2016","118.21"
"AUT","","FEMALE","2017","114.63"
"AUT","","FEMALE","2018","114.66"
"AUT","","FEMALE","2019","113.89"
"AUT","","FEMALE","2020","111.48"
"AUT","","FEMALE","2021","109.36"
"AZE","","FEMALE","1981","100.18"
"AZE","","FEMALE","1982","108.22"
"AZE","","FEMALE","1985","103.68"
"AZE","","FEMALE","1986","109.97"
"AZE","","FEMALE","1987","106.59"
"AZE","","FEMALE","1988","102.22"
"AZE","","FEMALE","1989","92.71"
"AZE","","FEMALE","1990","85.6"
"AZE","","FEMALE","1991","81.62"
"AZE","","FEMALE","1992","86.75"
"AZE","","FEMALE","1993","82.41"
"AZE","","FEMALE","1994","84.73"
"AZE","","FEMALE","1995","78.62"
"AZE","","FEMALE","1996","74.63"
"AZE","","FEMALE","1997","78.5"
"AZE","","FEMALE","1998","80.2"
"AZE","","FEMALE","1999","85.38"
"AZE","","FEMALE","2000","79.15"
"AZE","","FEMALE","2001","85.5"
"AZE","","FEMALE","2002","90.44"
"AZE","","FEMALE","2003","93.94"
"AZE","","FEMALE","2004","91.81"
"AZE","","FEMALE","2007","68.59"
"BEL","","FEMALE","1968","180.34"
"BEL","","FEMALE","1969","174.63"
"BEL","","FEMALE","1970","174.94"
"BEL","","FEMALE","1971","176.86"
"BEL","","FEMALE","1972","173.85"
"BEL","","FEMALE","1973","171.64"
"BEL","","FEMALE","1974","169.5"
"BEL","","FEMALE","1975","171.44"
"BEL","","FEMALE","1976","168.03"
"BEL","","FEMALE","1977","166.95"
"BEL","","FEMALE","1978","175.92"
"BEL","","FEMALE","1979","169.12"
"BEL","","FEMALE","1980","168.88"
"BEL","","FEMALE","1981","170.58"
"BEL","","FEMALE","1982","168.53"
"BEL","","FEMALE","1983","167.62"
"BEL","","FEMALE","1984","166.23"
"BEL","","FEMALE","1985","162.24"
"BEL","","FEMALE","1986","164.57"
"BEL","","FEMALE","1987","158.42"
"BEL","","FEMALE","1988","158.89"
"BEL","","FEMALE","1989","159.8"
"BEL","","FEMALE","1990","154.87"
"BEL","","FEMALE","1991","155.35"
"BEL","","FEMALE","1992","156.28"
"BEL","","FEMALE","1993","153.27"
"BEL","","FEMALE","1994","154.33"
"BEL","","FEMALE","1995","154.49"
"BEL","","FEMALE","1996","148.62"
"BEL","","FEMALE","1997","150.11"
"BEL","","FEMALE","1998","148.93"
"BEL","","FEMALE","1999","142.42"
"BEL","","FEMALE","2000","137.48"
"BEL","","FEMALE","2001","137.29"
"BEL","","FEMALE","2002","136.32"
"BEL","","FEMALE","2003","133.12"
"BEL","","FEMALE","2004","130.74"
"BEL","","FEMALE","2005","130.72"
"BEL","","FEMALE","2006","129.39"
"BEL","","FEMALE","2007","131.8"
"BEL","","FEMALE","2008","130.99"
"BEL","","FEMALE","2009","130.28"
"BEL","","FEMALE","2010","128.81"
"BEL","","FEMALE","2011","129.61"
"BEL","","FEMALE","2012","123.61"
"BEL","","FEMALE","2013","124.65"
"BEL","","FEMALE","2014","121.04"
"BEL","","FEMALE","2015","120.35"
"BEL","","FEMALE","2016","116.87"
"BEL","","FEMALE","2017","115.31"
"BEL","","FEMALE","2018","110.75"
"BEL","","FEMALE","2019","111.39"
"BEL","","FEMALE","2020","108.21"
"BGR","","FEMALE","1968","123.85"
"BGR","","FEMALE","1969","119.13"
"BGR","","FEMALE","1970","116.05"
"BGR","","FEMALE","1971","114.57"
"BGR","","FEMALE","1972","116.17"
"BGR","","FEMALE","1973","115.32"
"BGR","","FEMALE","1974","116.15"
"BGR","","FEMALE","1975","111.93"
"BGR","","FEMALE","1976","111.33"
"BGR","","FEMALE","1977","110.71"
"BGR","","FEMALE","1978","116.4"
"BGR","","FEMALE","1979","117.53"
"BGR","","FEMALE","1980","108.54"
"BGR","","FEMALE","1981","114.83"
"BGR","","FEMALE","1982","116.33"
"BGR","","FEMALE","1983","116.52"
"BGR","","FEMALE","1984","121.89"
"BGR","","FEMALE","1985","121.69"
"BGR","","FEMALE","1986","118.7"
"BGR","","FEMALE","1987","117.81"
"BGR","","FEMALE","1988","119.57"
"BGR","","FEMALE","1989","119.08"
"BGR","","FEMALE","1990","116.13"
"BGR","","FEMALE","1991","119.35"
"BGR","","FEMALE","1992","120.92"
"BGR","","FEMALE","1993","119.57"
"BGR","","FEMALE","1994","122.09"
"BGR","","FEMALE","1995","122.48"
"BGR","","FEMALE","1996","123.15"
"BGR","","FEMALE","1997","122.88"
"BGR","","FEMALE","1998","118.48"
"BGR","","FEMALE","1999","120.67"
"BGR","","FEMALE","2000","116.43"
"BGR","","FEMALE","2001","114.25"
"BGR","","FEMALE","2002","116.93"
"BGR","","FEMALE","2003","112.57"
"BGR","","FEMALE","2004","115.44"
"BGR","","FEMALE","2005","128.61"
"BGR","","FEMALE","2006","124.24"
"BGR","","FEMALE","2007","126.52"
"BGR","","FEMALE","2008","126.88"
"BGR","","FEMALE","2009","117.78"
"BGR","","FEMALE","2010","114.31"
"BGR","","FEMALE","2011","116.8"
"BGR","","FEMALE","2012","123.55"
"BGR","","FEMALE","2013","118.03"
"BGR","","FEMALE","2014","122.23"
"BGR","","FEMALE","2015","121.26"
"BGR","","FEMALE","2016","117.12"
"BGR","","FEMALE","2017","116.62"
"BGR","","FEMALE","2018","117.21"
"BGR","","FEMALE","2019","119.63"
"BGR","","FEMALE","2020","122.55"
"BGR","","FEMALE","2021","115.41"
"BIH","","FEMALE","1985","115.43"
"BIH","","FEMALE","1986","109.73"
"BIH","","FEMALE","1987","117.2"
"BIH","","FEMALE","1988","118.05"
"BIH","","FEMALE","1989","122.81"
"BIH","","FEMALE","1990","112.67"
"BIH","","FEMALE","1991","115.64"
"BIH","","FEMALE","2011","114.69"
"BIH","","FEMALE","2014","117.74"
"BIH","","FEMALE","2016","131.17"
"BIH","","FEMALE","2021","112.37"
"BIH","","FEMALE","2022","113.24"
"BLR","","FEMALE","1981","104.67"
"BLR","","FEMALE","1982","104.39"
"BLR","","FEMALE","1985","109.99"
"BLR","","FEMALE","1986","112.5"
"BLR","","FEMALE","1987","114.45"
"BLR","","FEMALE","1988","116.14"
"BLR","","FEMALE","1989","119.38"
"BLR","","FEMALE","1990","122.31"
"BLR","","FEMALE","1991","121.68"
"BLR","","FEMALE","1992","125.92"
"BLR","","FEMALE","1993","120.3"
"BLR","","FEMALE","1994","120.39"
"BLR","","FEMALE","1995","123.4"
"BLR","","FEMALE","1996","117.77"
"BLR","","FEMALE","1997","118.76"
"BLR","","FEMALE","1998","119.58"
"BLR","","FEMALE","1999","122.92"
"BLR","","FEMALE","2000","118.34"
"BLR","","FEMALE","2001","118.24"
"BLR","","FEMALE","2002","115.11"
"BLR","","FEMALE","2003","110.14"
"BLR","","FEMALE","2004","112.31"
"BLR","","FEMALE","2005","111.52"
"BLR","","FEMALE","2007","107.99"
"BLR","","FEMALE","2008","108.56"
"BLR","","FEMALE","2009","104.25"
"BLR","","FEMALE","2010","107.75"
"BLR","","FEMALE","2011","105.06"
"BLR","","FEMALE","2013","101.38"
"BLR","","FEMALE","2014","98.2"
"BLR","","FEMALE","2018","98.52"
"","CARINFONET","FEMALE","1981","116.24"
"","CARINFONET","FEMALE","1982","113.93"
"","CARINFONET","FEMALE","1985","117.53"
"","CARINFONET","FEMALE","1986","122.45"
"","CARINFONET","FEMALE","1987","123.4"
"","CARINFONET","FEMALE","1988","121.4"
"","CARINFONET","FEMALE","1989","118.3"
"","CARINFONET","FEMALE","1990","117.34"
"","CARINFONET","FEMALE","1991","115.39"
"","CARINFONET","FEMALE","1992","112.46"
"","CARINFONET","FEMALE","1993","108.59"
"","CARINFONET","FEMALE","1994","104.97"
"","CARINFONET","FEMALE","1995","100.14"
"","CARINFONET","FEMALE","1996","99.3"
"","CARINFONET","FEMALE","1997","96.39"
"","CARINFONET","FEMALE","1998","94.98"
"","CARINFONET","FEMALE","1999","94.02"
"","CARINFONET","FEMALE","2000","93.34"
"","CARINFONET","FEMALE","2001","90.66"
"","CARINFONET","FEMALE","2002","90.7"
"","CARINFONET","FEMALE","2003","90.1"
"","CARINFONET","FEMALE","2004","87.88"
"","CARINFONET","FEMALE","2005","86.64"
"","CARINFONET","FEMALE","2006","85.97"
"","CARINFONET","FEMALE","2007","84.05"
"","CARINFONET","FEMALE","2008","83.28"
"","CARINFONET","FEMALE","2009","82.42"
"","CARINFONET","FEMALE","2010","82.58"
"","CARINFONET","FEMALE","2011","81.48"
"","CARINFONET","FEMALE","2012","81.11"
"","CARINFONET","FEMALE","2013","80.2"
"","CARINFONET","FEMALE","2014","78.5"
"","CARINFONET","FEMALE","2015","80.06"
"","CARINFONET","FEMALE","2016","78.34"
"CHE","","FEMALE","1969","164.34"
"CHE","","FEMALE","1970","165.14"
"CHE","","FEMALE","1971","164.75"
"CHE","","FEMALE","1972","162.72"
"CHE","","FEMALE","1973","163.03"
"CHE","","FEMALE","1974","154.7"
"CHE","","FEMALE","1975","155.29"
"CHE","","FEMALE","1976","153.67"
"CHE","","FEMALE","1977","153.26"
"CHE","","FEMALE","1978","155.45"
"CHE","","FEMALE","1979","151.74"
"CHE","","FEMALE","1980","151.26"
"CHE","","FEMALE","1981","154.89"
"CHE","","FEMALE","1982","153.7"
"CHE","","FEMALE","1983","153.26"
"CHE","","FEMALE","1984","153.59"
"CHE","","FEMALE","1985","153.3"
"CHE","","FEMALE","1986","150.27"
"CHE","","FEMALE","1987","149.93"
"CHE","","FEMALE","1988","148.09"
"CHE","","FEMALE","1989","144.47"
"CHE","","FEMALE","1990","146.77"
"CHE","","FEMALE","1991","145.79"
"CHE","","FEMALE","1992","144.57"
"CHE","","FEMALE","1993","142.3"
"CHE","","FEMALE","1994","138.83"
"CHE","","FEMALE","1995","132.47"
"CHE","","FEMALE","1996","127.07"
"CHE","","FEMALE","1997","127.78"
"CHE","","FEMALE","1998","122.97"
"CHE","","FEMALE","1999","120.31"
"CHE","","FEMALE","2000","125.83"
"CHE","","FEMALE","2001","120.31"
"CHE","","FEMALE","2002","119.83"
"CHE","","FEMALE","2003","119.43"
"CHE","","FEMALE","2004","118.11"
"CHE","","FEMALE","2005","113.98"
"CHE","","FEMALE","2006","116.65"
"CHE","","FEMALE","2007","117.33"
"CHE","","FEMALE","2008","111.88"
"CHE","","FEMALE","2009","113.31"
"CHE","","FEMALE","2010","110.8"
"CHE","","FEMALE","2011","109.26"
"CHE","","FEMALE","2012","109.8"
"CHE","","FEMALE","2013","107.11"
"CHE","","FEMALE","2015","106.42"
"CHE","","FEMALE","2016","105.79"
"CHE","","FEMALE","2017","101.96"
"CHE","","FEMALE","2018","101.84"
"CHE","","FEMALE","2019","99.51"
"","CIS","FEMALE","1981","124.51"
"","CIS","FEMALE","1982","125.12"
"","CIS","FEMALE","1985","126.26"
"","CIS","FEMALE","1986","129.44"
"","CIS","FEMALE","1987","130.54"
"","CIS","FEMALE","1988","130.84"
"","CIS","FEMALE","1989","131.33"
"","CIS","FEMALE","1990","131.94"
"","CIS","FEMALE","1991","131.83"
"","CIS","FEMALE","1992","132"
"","CIS","FEMALE","1993","130.49"
"","CIS","FEMALE","1994","129.97"
"","CIS","FEMALE","1995","127.54"
"","CIS","FEMALE","1996","124.9"
"","CIS","FEMALE","1997","124.18"
"","CIS","FEMALE","1998","123.79"
"","CIS","FEMALE","1999","124.47"
"","CIS","FEMALE","2000","123.35"
"","CIS","FEMALE","2001","121.38"
"","CIS","FEMALE","2002","120.42"
"","CIS","FEMALE","2003","120.1"
"","CIS","FEMALE","2004","119.42"
"","CIS","FEMALE","2005","117.78"
"","CIS","FEMALE","2006","116.6"
"","CIS","FEMALE","2007","115.7"
"","CIS","FEMALE","2008","116.92"
"","CIS","FEMALE","2009","117.1"
"","CIS","FEMALE","2010","115.85"
"","CIS","FEMALE","2011","114.13"
"","CIS","FEMALE","2012","113.58"
"","CIS","FEMALE","2013","112.25"
"","CIS","FEMALE","2014","111.68"
"","CIS","FEMALE","2015","110.05"
"CYP","","FEMALE","2004","89.34"
"CYP","","FEMALE","2005","98.9"
"CYP","","FEMALE","2006","93.83"
"CYP","","FEMALE","2007","101.64"
"CYP","","FEMALE","2008","97.53"
"CYP","","FEMALE","2009","97.19"
"CYP","","FEMALE","2010","89.12"
"CYP","","FEMALE","2011","92.91"
"CYP","","FEMALE","2012","88.79"
"CYP","","FEMALE","2013","92.11"
"CYP","","FEMALE","2014","85.86"
"CYP","","FEMALE","2015","96.81"
"CYP","","FEMALE","2016","87.25"
"CYP","","FEMALE","2017","98.35"
"CYP","","FEMALE","2018","99.47"
"CYP","","FEMALE","2019","97.45"
"CYP","","FEMALE","2020","94.39"
"CYP","","FEMALE","2021","97.93"
"CZE","","FEMALE","1970","181.05"
"CZE","","FEMALE","1971","181.37"
"CZE","","FEMALE","1972","187.13"
"CZE","","FEMALE","1973","182.91"
"CZE","","FEMALE","1974","181.54"
"CZE","","FEMALE","1975","178.6"
"CZE","","FEMALE","1976","175.4"
"CZE","","FEMALE","1977","178.31"
"CZE","","FEMALE","1978","181.66"
"CZE","","FEMALE","1979","180.64"
"CZE","","FEMALE","1980","180.87"
"CZE","","FEMALE","1981","181.18"
"CZE","","FEMALE","1982","181.41"
"CZE","","FEMALE","1983","187.74"
"CZE","","FEMALE","1984","187.81"
"CZE","","FEMALE","1985","181.23"
"CZE","","FEMALE","1986","188.41"
"CZE","","FEMALE","1987","185.8"
"CZE","","FEMALE","1988","190.71"
"CZE","","FEMALE","1989","188.1"
"CZE","","FEMALE","1990","189.24"
"CZE","","FEMALE","1991","190.49"
"CZE","","FEMALE","1992","186.57"
"CZE","","FEMALE","1993","190.07"
"CZE","","FEMALE","1994","186.37"
"CZE","","FEMALE","1995","189.94"
"CZE","","FEMALE","1996","178.8"
"CZE","","FEMALE","1997","179.48"
"CZE","","FEMALE","1998","177.33"
"CZE","","FEMALE","1999","179.1"
"CZE","","FEMALE","2000","177.37"
"CZE","","FEMALE","2001","177.56"
"CZE","","FEMALE","2002","174"
"CZE","","FEMALE","2003","176.22"
"CZE","","FEMALE","2004","172.03"
"CZE","","FEMALE","2005","164.85"
"CZE","","FEMALE","2006","163.15"
"CZE","","FEMALE","2007","154.76"
"CZE","","FEMALE","2008","152.91"
"CZE","","FEMALE","2009","148.4"
"CZE","","FEMALE","2010","147.49"
"CZE","","FEMALE","2011","144.35"
"CZE","","FEMALE","2012","143.26"
"CZE","","FEMALE","2013","138.51"
"CZE","","FEMALE","2014","136.01"
"CZE","","FEMALE","2015","133.11"
"CZE","","FEMALE","2016","132.72"
"CZE","","FEMALE","2017","129.33"
"CZE","","FEMALE","2018","130.64"
"CZE","","FEMALE","2019","129.89"
"CZE","","FEMALE","2020","127.44"
"CZE","","FEMALE","2021","125.2"
"DEU","","FEMALE","1990","160.41"
"DEU","","FEMALE","1991","163.57"
"DEU","","FEMALE","1992","162.43"
"DEU","","FEMALE","1993","162.04"
"DEU","","FEMALE","1994","158.78"
"DEU","","FEMALE","1995","156.37"
"DEU","","FEMALE","1996","154.63"
"DEU","","FEMALE","1997","150.58"
"DEU","","FEMALE","1998","150.63"
"DEU","","FEMALE","1999","147.36"
"DEU","","FEMALE","2000","144.3"
"DEU","","FEMALE","2001","140.54"
"DEU","","FEMALE","2002","140.26"
"DEU","","FEMALE","2003","137.52"
"DEU","","FEMALE","2004","135.44"
"DEU","","FEMALE","2005","134.72"
"DEU","","FEMALE","2006","131.89"
"DEU","","FEMALE","2007","130.06"
"DEU","","FEMALE","2008","130.74"
"DEU","","FEMALE","2009","128.87"
"DEU","","FEMALE","2010","128.18"
"DEU","","FEMALE","2011","128.59"
"DEU","","FEMALE","2012","126.11"
"DEU","","FEMALE","2013","127.13"
"DEU","","FEMALE","2014","124.56"
"DEU","","FEMALE","2015","124.53"
"DEU","","FEMALE","2016","125.46"
"DEU","","FEMALE","2017","123.27"
"DEU","","FEMALE","2018","122.65"
"DEU","","FEMALE","2019","121.65"
"DEU","","FEMALE","2020","119.04"
"DNK","","FEMALE","1969","193.47"
"DNK","","FEMALE","1970","194.82"
"DNK","","FEMALE","1971","197.22"
"DNK","","FEMALE","1972","198.66"
"DNK","","FEMALE","1973","190.15"
"DNK","","FEMALE","1974","184.13"
"DNK","","FEMALE","1975","190.93"
"DNK","","FEMALE","1976","199.96"
"DNK","","FEMALE","1977","192.08"
"DNK","","FEMALE","1978","195.23"
"DNK","","FEMALE","1979","199.26"
"DNK","","FEMALE","1980","200.9"
"DNK","","FEMALE","1981","199.28"
"DNK","","FEMALE","1982","193.46"
"DNK","","FEMALE","1983","205.43"
"DNK","","FEMALE","1984","203.35"
"DNK","","FEMALE","1985","200.81"
"DNK","","FEMALE","1986","203.64"
"DNK","","FEMALE","1987","201.97"
"DNK","","FEMALE","1988","208.01"
"DNK","","FEMALE","1989","205.57"
"DNK","","FEMALE","1990","201.41"
"DNK","","FEMALE","1991","206.38"
"DNK","","FEMALE","1992","203.73"
"DNK","","FEMALE","1993","204.13"
"DNK","","FEMALE","1994","206.84"
"DNK","","FEMALE","1995","209.4"
"DNK","","FEMALE","1996","200.91"
"DNK","","FEMALE","1997","204.41"
"DNK","","FEMALE","1998","196.82"
"DNK","","FEMALE","1999","203.21"
"DNK","","FEMALE","2000","197.94"
"DNK","","FEMALE","2001","197.18"
"DNK","","FEMALE","2002","188.6"
"DNK","","FEMALE","2003","184.59"
"DNK","","FEMALE","2004","181.69"
"DNK","","FEMALE","2005","184.57"
"DNK","","FEMALE","2006","182.1"
"DNK","","FEMALE","2007","178.53"
"DNK","","FEMALE","2008","175.64"
"DNK","","FEMALE","2009","168.18"
"DNK","","FEMALE","2010","169.8"
"DNK","","FEMALE","2011","162.48"
"DNK","","FEMALE","2012","164.5"
"DNK","","FEMALE","2013","156.53"
"DNK","","FEMALE","2014","154.28"
"DNK","","FEMALE","2015","151.44"
"DNK","","FEMALE","2016","155.64"
"DNK","","FEMALE","2017","145.01"
"DNK","","FEMALE","2018","140.86"
"DNK","","FEMALE","2019","143.67"
"DNK","","FEMALE","2020","137.23"
"DNK","","FEMALE","2021","129.32"
"ESP","","FEMALE","1968","127.02"
"ESP","","FEMALE","1969","122.83"
"ESP","","FEMALE","1970","125.93"
"ESP","","FEMALE","1971","127.45"
"ESP","","FEMALE","1972","126.2"
"ESP","","FEMALE","1973","128.65"
"ESP","","FEMALE","1974","129.4"
"ESP","","FEMALE","1975","130.14"
"ESP","","FEMALE","1976","125.35"
"ESP","","FEMALE","1977","124.2"
"ESP","","FEMALE","1978","124.35"
"ESP","","FEMALE","1979","122.08"
"ESP","","FEMALE","1980","119.62"
"ESP","","FEMALE","1981","117.2"
"ESP","","FEMALE","1982","117.68"
"ESP","","FEMALE","1983","117.19"
"ESP","","FEMALE","1984","118.95"
"ESP","","FEMALE","1985","115.64"
"ESP","","FEMALE","1986","117.04"
"ESP","","FEMALE","1987","119.29"
"ESP","","FEMALE","1988","120.35"
"ESP","","FEMALE","1989","118.19"
"ESP","","FEMALE","1990","118.35"
"ESP","","FEMALE","1991","119.45"
"ESP","","FEMALE","1992","117.42"
"ESP","","FEMALE","1993","118.24"
"ESP","","FEMALE","1994","118.88"
"ESP","","FEMALE","1995","117.78"
"ESP","","FEMALE","1996","114.72"
"ESP","","FEMALE","1997","114.33"
"ESP","","FEMALE","1998","112.86"
"ESP","","FEMALE","1999","111.71"
"ESP","","FEMALE","2000","110.11"
"ESP","","FEMALE","2001","110.33"
"ESP","","FEMALE","2002","108.29"
"ESP","","FEMALE","2003","107.9"
"ESP","","FEMALE","2004","105.57"
"ESP","","FEMALE","2005","103.28"
"ESP","","FEMALE","2006","103.47"
"ESP","","FEMALE","2007","102.44"
"ESP","","FEMALE","2008","102.15"
"ESP","","FEMALE","2009","101.21"
"ESP","","FEMALE","2010","101.57"
"ESP","","FEMALE","2011","102.33"
"ESP","","FEMALE","2012","100.1"
"ESP","","FEMALE","2013","100.45"
"ESP","","FEMALE","2014","97.55"
"ESP","","FEMALE","2015","97.31"
"ESP","","FEMALE","2016","97.4"
"ESP","","FEMALE","2017","97.39"
"ESP","","FEMALE","2018","94.93"
"ESP","","FEMALE","2019","94.57"
"ESP","","FEMALE","2020","94.12"
"ESP","","FEMALE","2021","93.14"
"EST","","FEMALE","1981","139.21"
"EST","","FEMALE","1982","137.65"
"EST","","FEMALE","1985","142.53"
"EST","","FEMALE","1986","138.54"
"EST","","FEMALE","1987","140.75"
"EST","","FEMALE","1988","140.67"
"EST","","FEMALE","1989","148.69"
"EST","","FEMALE","1990","143.67"
"EST","","FEMALE","1991","156.08"
"EST","","FEMALE","1992","147.23"
"EST","","FEMALE","1993","153.35"
"EST","","FEMALE","1994","150.13"
"EST","","FEMALE","1995","141.6"
"EST","","FEMALE","1996","150.92"
"EST","","FEMALE","1997","149.87"
"EST","","FEMALE","1998","148.8"
"EST","","FEMALE","1999","147.43"
"EST","","FEMALE","2000","148.46"
"EST","","FEMALE","2001","141.36"
"EST","","FEMALE","2002","142.05"
"EST","","FEMALE","2003","136.3"
"EST","","FEMALE","2004","139.92"
"EST","","FEMALE","2005","135.41"
"EST","","FEMALE","2006","142.24"
"EST","","FEMALE","2007","133.08"
"EST","","FEMALE","2008","134.82"
"EST","","FEMALE","2009","134.95"
"EST","","FEMALE","2010","128.36"
"EST","","FEMALE","2011","134.44"
"EST","","FEMALE","2012","132.58"
"EST","","FEMALE","2013","129.21"
"EST","","FEMALE","2014","134.83"
"EST","","FEMALE","2015","130.19"
"EST","","FEMALE","2016","129.84"
"","EU_AFTER_MAY2004","FEMALE","1971","146.83"
"","EU_AFTER_MAY2004","FEMALE","1974","146.07"
"","EU_AFTER_MAY2004","FEMALE","1975","144.56"
"","EU_AFTER_MAY2004","FEMALE","1976","143.9"
"","EU_AFTER_MAY2004","FEMALE","1977","145.79"
"","EU_AFTER_MAY2004","FEMALE","1978","146.64"
"","EU_AFTER_MAY2004","FEMALE","1980","146.39"
"","EU_AFTER_MAY2004","FEMALE","1981","144.41"
"","EU_AFTER_MAY2004","FEMALE","1982","145.21"
"","EU_AFTER_MAY2004","FEMALE","1983","145.69"
"","EU_AFTER_MAY2004","FEMALE","1984","147.65"
"","EU_AFTER_MAY2004","FEMALE","1985","146.73"
"","EU_AFTER_MAY2004","FEMALE","1986","147.67"
"","EU_AFTER_MAY2004","FEMALE","1987","146.81"
"","EU_AFTER_MAY2004","FEMALE","1988","148.35"
"","EU_AFTER_MAY2004","FEMALE","1989","148.76"
"","EU_AFTER_MAY2004","FEMALE","1990","148.66"
"","EU_AFTER_MAY2004","FEMALE","1991","149.74"
"","EU_AFTER_MAY2004","FEMALE","1992","149.17"
"","EU_AFTER_MAY2004","FEMALE","1993","151.39"
"","EU_AFTER_MAY2004","FEMALE","1994","151.4"
"","EU_AFTER_MAY2004","FEMALE","1995","152.04"
"","EU_AFTER_MAY2004","FEMALE","1996","151.98"
"","EU_AFTER_MAY2004","FEMALE","1997","152.22"
"","EU_AFTER_MAY2004","FEMALE","1998","152.14"
"","EU_AFTER_MAY2004","FEMALE","1999","152.32"
"","EU_AFTER_MAY2004","FEMALE","2000","154.44"
"","EU_AFTER_MAY2004","FEMALE","2001","152.35"
"","EU_AFTER_MAY2004","FEMALE","2002","151.5"
"","EU_AFTER_MAY2004","FEMALE","2003","151.85"
"","EU_AFTER_MAY2004","FEMALE","2004","149.29"
"","EU_AFTER_MAY2004","FEMALE","2005","148.77"
"","EU_AFTER_MAY2004","FEMALE","2006","148.13"
"","EU_AFTER_MAY2004","FEMALE","2007","146.87"
"","EU_AFTER_MAY2004","FEMALE","2008","146.19"
"","EU_AFTER_MAY2004","FEMALE","2009","144.5"
"","EU_AFTER_MAY2004","FEMALE","2010","142.04"
"","EU_AFTER_MAY2004","FEMALE","2011","141.64"
"","EU_AFTER_MAY2004","FEMALE","2012","142.93"
"","EU_AFTER_MAY2004","FEMALE","2013","141.43"
"","EU_AFTER_MAY2004","FEMALE","2014","141.51"
"","EU_AFTER_MAY2004","FEMALE","2015","142.42"
"","EU_AFTER_MAY2004","FEMALE","2016","139.94"
"","EU_AFTER_MAY2004","FEMALE","2017","139.42"
"","EU_AFTER_MAY2004","FEMALE","2018","138.84"
"","EU_AFTER_MAY2004","FEMALE","2019","136.23"
"","EU_AFTER_MAY2004","FEMALE","2020","133.08"
"","EU_AFTER_MAY2004","FEMALE","2021","126.86"
"","EU_BEFORE_FEB2020","FEMALE","1969","157.91"
"","EU_BEFORE_FEB2020","FEMALE","1970","156.75"
"","EU_BEFORE_FEB2020","FEMALE","1971","156.91"
"","EU_BEFORE_FEB2020","FEMALE","1972","156.48"
"","EU_BEFORE_FEB2020","FEMALE","1973","156.18"
"","EU_BEFORE_FEB2020","FEMALE","1974","155.68"
"","EU_BEFORE_FEB2020","FEMALE","1975","154.97"
"","EU_BEFORE_FEB2020","FEMALE","1976","154.4"
"","EU_BEFORE_FEB2020","FEMALE","1977","153.42"
"","EU_BEFORE_FEB2020","FEMALE","1978","153.73"
"","EU_BEFORE_FEB2020","FEMALE","1979","153.12"
"","EU_BEFORE_FEB2020","FEMALE","1980","152.13"
"","EU_BEFORE_FEB2020","FEMALE","1981","150.9"
"","EU_BEFORE_FEB2020","FEMALE","1982","151.4"
"","EU_BEFORE_FEB2020","FEMALE","1983","151.7"
"","EU_BEFORE_FEB2020","FEMALE","1984","152.3"
"","EU_BEFORE_FEB2020","FEMALE","1985","151.19"
"","EU_BEFORE_FEB2020","FEMALE","1986","151.54"
"","EU_BEFORE_FEB2020","FEMALE","1987","151.61"
"","EU_BEFORE_FEB2020","FEMALE","1988","152.4"
"","EU_BEFORE_FEB2020","FEMALE","1989","151.68"
"","EU_BEFORE_FEB2020","FEMALE","1990","149.95"
"","EU_BEFORE_FEB2020","FEMALE","1991","150.63"
"","EU_BEFORE_FEB2020","FEMALE","1992","149.94"
"","EU_BEFORE_FEB2020","FEMALE","1993","150.05"
"","EU_BEFORE_FEB2020","FEMALE","1994","148.57"
"","EU_BEFORE_FEB2020","FEMALE","1995","147.07"
"","EU_BEFORE_FEB2020","FEMALE","1996","145.74"
"","EU_BEFORE_FEB2020","FEMALE","1997","144.27"
"","EU_BEFORE_FEB2020","FEMALE","1998","143.6"
"","EU_BEFORE_FEB2020","FEMALE","1999","142.21"
"","EU_BEFORE_FEB2020","FEMALE","2000","141.86"
"","EU_BEFORE_FEB2020","FEMALE","2001","140.36"
"","EU_BEFORE_FEB2020","FEMALE","2002","139.02"
"","EU_BEFORE_FEB2020","FEMALE","2003","137.89"
"","EU_BEFORE_FEB2020","FEMALE","2004","135.93"
"","EU_BEFORE_FEB2020","FEMALE","2005","134.97"
"","EU_BEFORE_FEB2020","FEMALE","2006","133.12"
"","EU_BEFORE_FEB2020","FEMALE","2007","132.05"
"","EU_BEFORE_FEB2020","FEMALE","2008","131.84"
"","EU_BEFORE_FEB2020","FEMALE","2009","130.07"
"","EU_BEFORE_FEB2020","FEMALE","2010","128.71"
"","EU_BEFORE_FEB2020","FEMALE","2011","128.51"
"","EU_BEFORE_FEB2020","FEMALE","2012","127.86"
"","EU_BEFORE_FEB2020","FEMALE","2013","126.27"
"","EU_BEFORE_FEB2020","FEMALE","2014","125.13"
"","EU_BEFORE_FEB2020","FEMALE","2015","124.97"
"","EU_BEFORE_FEB2020","FEMALE","2016","124.43"
"","EU_BEFORE_FEB2020","FEMALE","2017","122.94"
"","EU_BEFORE_FEB2020","FEMALE","2018","121.78"
"","EU_BEFORE_FEB2020","FEMALE","2019","121.79"
"","EU_BEFORE_FEB2020","FEMALE","2020","118.96"
"","EU_BEFORE_FEB2020","FEMALE","2021","114.82"
"","EU_BEFORE_MAY2004","FEMALE","1969","161.17"
"","EU_BEFORE_MAY2004","FEMALE","1970","159.4"
"","EU_BEFORE_MAY2004","FEMALE","1971","159.32"
"","EU_BEFORE_MAY2004","FEMALE","1972","158.66"
"","EU_BEFORE_MAY2004","FEMALE","1973","158.52"
"","EU_BEFORE_MAY2004","FEMALE","1974","158"
"","EU_BEFORE_MAY2004","FEMALE","1975","157.48"
"","EU_BEFORE_MAY2004","FEMALE","1976","156.94"
"","EU_BEFORE_MAY2004","FEMALE","1977","155.27"
"","EU_BEFORE_MAY2004","FEMALE","1978","155.46"
"","EU_BEFORE_MAY2004","FEMALE","1979","154.95"
"","EU_BEFORE_MAY2004","FEMALE","1980","153.66"
"","EU_BEFORE_MAY2004","FEMALE","1981","152.73"
"","EU_BEFORE_MAY2004","FEMALE","1982","153.15"
"","EU_BEFORE_MAY2004","FEMALE","1983","153.41"
"","EU_BEFORE_MAY2004","FEMALE","1984","153.62"
"","EU_BEFORE_MAY2004","FEMALE","1985","152.54"
"","EU_BEFORE_MAY2004","FEMALE","1986","152.72"
"","EU_BEFORE_MAY2004","FEMALE","1987","153.08"
"","EU_BEFORE_MAY2004","FEMALE","1988","153.64"
"","EU_BEFORE_MAY2004","FEMALE","1989","152.57"
"","EU_BEFORE_MAY2004","FEMALE","1990","150.34"
"","EU_BEFORE_MAY2004","FEMALE","1991","150.9"
"","EU_BEFORE_MAY2004","FEMALE","1992","150.17"
"","EU_BEFORE_MAY2004","FEMALE","1993","149.64"
"","EU_BEFORE_MAY2004","FEMALE","1994","147.73"
"","EU_BEFORE_MAY2004","FEMALE","1995","145.59"
"","EU_BEFORE_MAY2004","FEMALE","1996","143.88"
"","EU_BEFORE_MAY2004","FEMALE","1997","141.92"
"","EU_BEFORE_MAY2004","FEMALE","1998","141.08"
"","EU_BEFORE_MAY2004","FEMALE","1999","139.24"
"","EU_BEFORE_MAY2004","FEMALE","2000","138.2"
"","EU_BEFORE_MAY2004","FEMALE","2001","136.89"
"","EU_BEFORE_MAY2004","FEMALE","2002","135.45"
"","EU_BEFORE_MAY2004","FEMALE","2003","133.93"
"","EU_BEFORE_MAY2004","FEMALE","2004","132.13"
"","EU_BEFORE_MAY2004","FEMALE","2005","131.07"
"","EU_BEFORE_MAY2004","FEMALE","2006","128.93"
"","EU_BEFORE_MAY2004","FEMALE","2007","127.93"
"","EU_BEFORE_MAY2004","FEMALE","2008","127.87"
"","EU_BEFORE_MAY2004","FEMALE","2009","126.09"
"","EU_BEFORE_MAY2004","FEMALE","2010","125.07"
"","EU_BEFORE_MAY2004","FEMALE","2011","124.93"
"","EU_BEFORE_MAY2004","FEMALE","2012","123.84"
"","EU_BEFORE_MAY2004","FEMALE","2013","122.24"
"","EU_BEFORE_MAY2004","FEMALE","2014","120.81"
"","EU_BEFORE_MAY2004","FEMALE","2015","120.39"
"","EU_BEFORE_MAY2004","FEMALE","2016","120.39"
"","EU_BEFORE_MAY2004","FEMALE","2017","118.72"
"","EU_BEFORE_MAY2004","FEMALE","2018","117.43"
"","EU_BEFORE_MAY2004","FEMALE","2019","117.23"
"","EU_BEFORE_MAY2004","FEMALE","2020","115.78"
"","EU_MEMBERS","FEMALE","1969","150.42"
"","EU_MEMBERS","FEMALE","1970","149.05"
"","EU_MEMBERS","FEMALE","1971","149.68"
"","EU_MEMBERS","FEMALE","1972","150.05"
"","EU_MEMBERS","FEMALE","1973","149.63"
"","EU_MEMBERS","FEMALE","1974","148.99"
"","EU_MEMBERS","FEMALE","1975","148.27"
"","EU_MEMBERS","FEMALE","1976","147.47"
"","EU_MEMBERS","FEMALE","1977","147.17"
"","EU_MEMBERS","FEMALE","1978","147.25"
"","EU_MEMBERS","FEMALE","1979","146.78"
"","EU_MEMBERS","FEMALE","1980","146.24"
"","EU_MEMBERS","FEMALE","1981","145.49"
"","EU_MEMBERS","FEMALE","1982","145.87"
"","EU_MEMBERS","FEMALE","1983","146.28"
"","EU_MEMBERS","FEMALE","1984","146.6"
"","EU_MEMBERS","FEMALE","1985","145.52"
"","EU_MEMBERS","FEMALE","1986","146.2"
"","EU_MEMBERS","FEMALE","1987","145.97"
"","EU_MEMBERS","FEMALE","1988","146.64"
"","EU_MEMBERS","FEMALE","1989","146.03"
"","EU_MEMBERS","FEMALE","1990","145.04"
"","EU_MEMBERS","FEMALE","1991","146.09"
"","EU_MEMBERS","FEMALE","1992","145.42"
"","EU_MEMBERS","FEMALE","1993","146.05"
"","EU_MEMBERS","FEMALE","1994","144.62"
"","EU_MEMBERS","FEMALE","1995","143.29"
"","EU_MEMBERS","FEMALE","1996","142.11"
"","EU_MEMBERS","FEMALE","1997","140.83"
"","EU_MEMBERS","FEMALE","1998","140.32"
"","EU_MEMBERS","FEMALE","1999","139.04"
"","EU_MEMBERS","FEMALE","2000","138.63"
"","EU_MEMBERS","FEMALE","2001","137.09"
"","EU_MEMBERS","FEMALE","2002","135.82"
"","EU_MEMBERS","FEMALE","2003","134.85"
"","EU_MEMBERS","FEMALE","2004","133.08"
"","EU_MEMBERS","FEMALE","2005","132.08"
"","EU_MEMBERS","FEMALE","2006","130.28"
"","EU_MEMBERS","FEMALE","2007","129.08"
"","EU_MEMBERS","FEMALE","2008","129.05"
"","EU_MEMBERS","FEMALE","2009","127.53"
"","EU_MEMBERS","FEMALE","2010","126.13"
"","EU_MEMBERS","FEMALE","2011","125.99"
"","EU_MEMBERS","FEMALE","2012","125.13"
"","EU_MEMBERS","FEMALE","2013","123.75"
"","EU_MEMBERS","FEMALE","2014","122.69"
"","EU_MEMBERS","FEMALE","2015","122.77"
"","EU_MEMBERS","FEMALE","2016","122.1"
"","EU_MEMBERS","FEMALE","2017","120.93"
"","EU_MEMBERS","FEMALE","2018","119.33"
"","EU_MEMBERS","FEMALE","2019","118.02"
"","EU_MEMBERS","FEMALE","2020","116.79"
"","EU_MEMBERS","FEMALE","2021","115.47"
"FIN","","FEMALE","1969","155.59"
"FIN","","FEMALE","1970","149.54"
"FIN","","FEMALE","1971","151.58"
"FIN","","FEMALE","1972","150.78"
"FIN","","FEMALE","1973","147.15"
"FIN","","FEMALE","1974","148.01"
"FIN","","FEMALE","1975","144.77"
"FIN","","FEMALE","1976","142.8"
"FIN","","FEMALE","1977","145.01"
"FIN","","FEMALE","1978","142.47"
"FIN","","FEMALE","1979","147.86"
"FIN","","FEMALE","1980","140.84"
"FIN","","FEMALE","1981","140.98"
"FIN","","FEMALE","1982","140.11"
"FIN","","FEMALE","1983","144.05"
"FIN","","FEMALE","1984","140.76"
"FIN","","FEMALE","1985","137.88"
"FIN","","FEMALE","1986","140"
"FIN","","FEMALE","1987","136.52"
"FIN","","FEMALE","1988","137.15"
"FIN","","FEMALE","1989","136.93"
"FIN","","FEMALE","1990","136.86"
"FIN","","FEMALE","1991","131.96"
"FIN","","FEMALE","1992","134.66"
"FIN","","FEMALE","1993","135.01"
"FIN","","FEMALE","1994","125.9"
"FIN","","FEMALE","1995","130.21"
"FIN","","FEMALE","1996","123.03"
"FIN","","FEMALE","1997","129.84"
"FIN","","FEMALE","1998","126"
"FIN","","FEMALE","1999","121.59"
"FIN","","FEMALE","2000","124.88"
"FIN","","FEMALE","2001","121.31"
"FIN","","FEMALE","2002","117.86"
"FIN","","FEMALE","2003","119.33"
"FIN","","FEMALE","2004","116.16"
"FIN","","FEMALE","2005","116.92"
"FIN","","FEMALE","2006","113.35"
"FIN","","FEMALE","2007","113.19"
"FIN","","FEMALE","2008","113.93"
"FIN","","FEMALE","2009","110.8"
"FIN","","FEMALE","2010","114.42"
"FIN","","FEMALE","2011","112.27"
"FIN","","FEMALE","2012","111.88"
"FIN","","FEMALE","2013","111.28"
"FIN","","FEMALE","2014","107.73"
"FIN","","FEMALE","2016","108.93"
"FIN","","FEMALE","2017","107.45"
"FIN","","FEMALE","2018","105.01"
"FIN","","FEMALE","2019","104.99"
"FIN","","FEMALE","2020","103.7"
"FIN","","FEMALE","2021","101.22"
"FRA","","FEMALE","1968","152.05"
"FRA","","FEMALE","1969","145.92"
"FRA","","FEMALE","1970","142.53"
"FRA","","FEMALE","1971","144"
"FRA","","FEMALE","1972","145.14"
"FRA","","FEMALE","1973","143.55"
"FRA","","FEMALE","1974","143.75"
"FRA","","FEMALE","1975","143.12"
"FRA","","FEMALE","1976","141.79"
"FRA","","FEMALE","1977","138.86"
"FRA","","FEMALE","1978","138.53"
"FRA","","FEMALE","1979","138.03"
"FRA","","FEMALE","1980","136.8"
"FRA","","FEMALE","1981","137.16"
"FRA","","FEMALE","1982","135.99"
"FRA","","FEMALE","1983","136.38"
"FRA","","FEMALE","1984","135.47"
"FRA","","FEMALE","1985","132.72"
"FRA","","FEMALE","1986","135.77"
"FRA","","FEMALE","1987","133.09"
"FRA","","FEMALE","1988","132.86"
"FRA","","FEMALE","1989","131.97"
"FRA","","FEMALE","1990","129.23"
"FRA","","FEMALE","1991","128.88"
"FRA","","FEMALE","1992","128.78"
"FRA","","FEMALE","1993","129.32"
"FRA","","FEMALE","1994","126.48"
"FRA","","FEMALE","1995","126.19"
"FRA","","FEMALE","1996","125.51"
"FRA","","FEMALE","1997","123.4"
"FRA","","FEMALE","1998","125.91"
"FRA","","FEMALE","1999","126.06"
"FRA","","FEMALE","2000","124.3"
"FRA","","FEMALE","2001","123.87"
"FRA","","FEMALE","2002","124.19"
"FRA","","FEMALE","2003","123.52"
"FRA","","FEMALE","2004","121.72"
"FRA","","FEMALE","2005","121.25"
"FRA","","FEMALE","2006","118.75"
"FRA","","FEMALE","2007","116.11"
"FRA","","FEMALE","2008","117.68"
"FRA","","FEMALE","2009","116.76"
"FRA","","FEMALE","2010","114.94"
"FRA","","FEMALE","2011","113.32"
"FRA","","FEMALE","2012","113"
"FRA","","FEMALE","2013","110.54"
"FRA","","FEMALE","2014","112"
"FRA","","FEMALE","2017","112.57"
"FRA","","FEMALE","2018","109.68"
"GBR","","FEMALE","1968","172.75"
"GBR","","FEMALE","1969","174.54"
"GBR","","FEMALE","1970","174.25"
"GBR","","FEMALE","1971","174.19"
"GBR","","FEMALE","1972","174.73"
"GBR","","FEMALE","1973","175.5"
"GBR","","FEMALE","1974","176.68"
"GBR","","FEMALE","1975","176.75"
"GBR","","FEMALE","1976","179.83"
"GBR","","FEMALE","1977","178.71"
"GBR","","FEMALE","1978","180.33"
"GBR","","FEMALE","1979","181.38"
"GBR","","FEMALE","1980","181.46"
"GBR","","FEMALE","1981","179.17"
"GBR","","FEMALE","1982","180.51"
"GBR","","FEMALE","1983","181.05"
"GBR","","FEMALE","1984","187.64"
"GBR","","FEMALE","1985","187.85"
"GBR","","FEMALE","1986","186.59"
"GBR","","FEMALE","1987","187.25"
"GBR","","FEMALE","1988","188.03"
"GBR","","FEMALE","1989","188.53"
"GBR","","FEMALE","1990","185.29"
"GBR","","FEMALE","1991","183.21"
"GBR","","FEMALE","1992","182.24"
"GBR","","FEMALE","1993","178.6"
"GBR","","FEMALE","1994","176.72"
"GBR","","FEMALE","1995","173.97"
"GBR","","FEMALE","1996","171.45"
"GBR","","FEMALE","1997","168.68"
"GBR","","FEMALE","1998","166.8"
"GBR","","FEMALE","1999","164.5"
"GBR","","FEMALE","2000","164.59"
"GBR","","FEMALE","2001","163.47"
"GBR","","FEMALE","2002","161.6"
"GBR","","FEMALE","2003","159.37"
"GBR","","FEMALE","2004","156.58"
"GBR","","FEMALE","2005","155.87"
"GBR","","FEMALE","2006","153.72"
"GBR","","FEMALE","2007","153.57"
"GBR","","FEMALE","2008","152"
"GBR","","FEMALE","2009","148.34"
"GBR","","FEMALE","2010","147.17"
"GBR","","FEMALE","2011","146.41"
"GBR","","FEMALE","2012","146.92"
"GBR","","FEMALE","2013","143.7"
"GBR","","FEMALE","2014","141.96"
"GBR","","FEMALE","2015","140.09"
"GBR","","FEMALE","2016","140.3"
"GBR","","FEMALE","2017","136.71"
"GBR","","FEMALE","2018","138.92"
"GBR","","FEMALE","2019","133.22"
"GBR","","FEMALE","2020","132.15"
"GEO","","FEMALE","1981","90.94"
"GEO","","FEMALE","1982","89.91"
"GEO","","FEMALE","1985","90.63"
"GEO","","FEMALE","1986","92.95"
"GEO","","FEMALE","1987","91.49"
"GEO","","FEMALE","1988","95.4"
"GEO","","FEMALE","1989","88.88"
"GEO","","FEMALE","1990","88.36"
"GEO","","FEMALE","1991","84.15"
"GEO","","FEMALE","1992","78.37"
"GEO","","FEMALE","1994","65.09"
"GEO","","FEMALE","1995","63.02"
"GEO","","FEMALE","1996","62.78"
"GEO","","FEMALE","1997","72.59"
"GEO","","FEMALE","1998","77.82"
"GEO","","FEMALE","1999","76.67"
"GEO","","FEMALE","2000","78.34"
"GEO","","FEMALE","2001","78.41"
"GEO","","FEMALE","2004","97.55"
"GEO","","FEMALE","2005","78.07"
"GEO","","FEMALE","2006","77.98"
"GEO","","FEMALE","2007","70.08"
"GEO","","FEMALE","2009","81.95"
"GEO","","FEMALE","2010","43.63"
"GEO","","FEMALE","2011","64.92"
"GEO","","FEMALE","2012","70.13"
"GEO","","FEMALE","2013","65.13"
"GEO","","FEMALE","2014","92.5"
"GEO","","FEMALE","2015","101.84"
"GEO","","FEMALE","2016","110.15"
"GEO","","FEMALE","2017","113.23"
"GEO","","FEMALE","2018","118.7"
"GEO","","FEMALE","2019","121.31"
"GEO","","FEMALE","2020","123.67"
"GEO","","FEMALE","2021","113.43"
"GRC","","FEMALE","1968","109.21"
"GRC","","FEMALE","1969","109.31"
"GRC","","FEMALE","1970","102.42"
"GRC","","FEMALE","1971","104.6"
"GRC","","FEMALE","1972","108.77"
"GRC","","FEMALE","1973","105.39"
"GRC","","FEMALE","1974","109.19"
"GRC","","FEMALE","1975","111.71"
"GRC","","FEMALE","1976","118.35"
"GRC","","FEMALE","1977","117.8"
"GRC","","FEMALE","1978","117.96"
"GRC","","FEMALE","1979","118.01"
"GRC","","FEMALE","1980","116.82"
"GRC","","FEMALE","1981","114.73"
"GRC","","FEMALE","1982","115.63"
"GRC","","FEMALE","1983","114.49"
"GRC","","FEMALE","1984","114.9"
"GRC","","FEMALE","1985","116.79"
"GRC","","FEMALE","1986","114.89"
"GRC","","FEMALE","1987","116.3"
"GRC","","FEMALE","1988","115.78"
"GRC","","FEMALE","1989","116.26"
"GRC","","FEMALE","1990","113.05"
"GRC","","FEMALE","1991","112.56"
"GRC","","FEMALE","1992","114.73"
"GRC","","FEMALE","1993","115.61"
"GRC","","FEMALE","1994","115.92"
"GRC","","FEMALE","1995","114.88"
"GRC","","FEMALE","1996","116.95"
"GRC","","FEMALE","1997","115.44"
"GRC","","FEMALE","1998","113.08"
"GRC","","FEMALE","1999","115.31"
"GRC","","FEMALE","2000","114.67"
"GRC","","FEMALE","2001","116.47"
"GRC","","FEMALE","2002","116.49"
"GRC","","FEMALE","2003","113.16"
"GRC","","FEMALE","2004","114.77"
"GRC","","FEMALE","2005","113.16"
"GRC","","FEMALE","2006","110.91"
"GRC","","FEMALE","2007","113.58"
"GRC","","FEMALE","2008","113.22"
"GRC","","FEMALE","2009","108.93"
"GRC","","FEMALE","2010","108.78"
"GRC","","FEMALE","2011","105.34"
"GRC","","FEMALE","2012","107.29"
"GRC","","FEMALE","2014","107.88"
"GRC","","FEMALE","2015","107.45"
"GRC","","FEMALE","2016","111.04"
"GRC","","FEMALE","2017","106.52"
"GRC","","FEMALE","2018","106.59"
"GRC","","FEMALE","2019","107.07"
"GRC","","FEMALE","2020","107.5"
"HRV","","FEMALE","1985","136.85"
"HRV","","FEMALE","1986","136.02"
"HRV","","FEMALE","1987","139.48"
"HRV","","FEMALE","1988","145.21"
"HRV","","FEMALE","1989","148.82"
"HRV","","FEMALE","1990","149.97"
"HRV","","FEMALE","1991","143.64"
"HRV","","FEMALE","1992","139.82"
"HRV","","FEMALE","1993","141.26"
"HRV","","FEMALE","1994","140.07"
"HRV","","FEMALE","1995","138.42"
"HRV","","FEMALE","1996","150.28"
"HRV","","FEMALE","1997","151.86"
"HRV","","FEMALE","1998","165.4"
"HRV","","FEMALE","1999","160.6"
"HRV","","FEMALE","2000","170.63"
"HRV","","FEMALE","2001","146.39"
"HRV","","FEMALE","2002","149.6"
"HRV","","FEMALE","2003","146.44"
"HRV","","FEMALE","2004","144.15"
"HRV","","FEMALE","2005","146.49"
"HRV","","FEMALE","2006","146.52"
"HRV","","FEMALE","2007","143.33"
"HRV","","FEMALE","2008","150.55"
"HRV","","FEMALE","2009","148.43"
"HRV","","FEMALE","2010","152.3"
"HRV","","FEMALE","2011","152.37"
"HRV","","FEMALE","2012","151.07"
"HRV","","FEMALE","2013","152.92"
"HRV","","FEMALE","2014","152.35"
"HRV","","FEMALE","2015","151.24"
"HRV","","FEMALE","2016","147.76"
"HRV","","FEMALE","2017","148.26"
"HRV","","FEMALE","2019","140.89"
"HRV","","FEMALE","2020","138.2"
"HRV","","FEMALE","2021","143.69"
"HUN","","FEMALE","1969","178.84"
"HUN","","FEMALE","1970","180.03"
"HUN","","FEMALE","1971","184.16"
"HUN","","FEMALE","1972","184.05"
"HUN","","FEMALE","1973","186.66"
"HUN","","FEMALE","1974","189.61"
"HUN","","FEMALE","1975","188.81"
"HUN","","FEMALE","1976","190.28"
"HUN","","FEMALE","1977","186.16"
"HUN","","FEMALE","1978","191.08"
"HUN","","FEMALE","1979","186.02"
"HUN","","FEMALE","1980","188.35"
"HUN","","FEMALE","1981","186.83"
"HUN","","FEMALE","1982","190.3"
"HUN","","FEMALE","1983","188.37"
"HUN","","FEMALE","1984","185.86"
"HUN","","FEMALE","1985","185.28"
"HUN","","FEMALE","1986","188.83"
"HUN","","FEMALE","1987","191.75"
"HUN","","FEMALE","1988","189.44"
"HUN","","FEMALE","1989","191.9"
"HUN","","FEMALE","1990","194.36"
"HUN","","FEMALE","1991","195.49"
"HUN","","FEMALE","1992","200.51"
"HUN","","FEMALE","1993","201.13"
"HUN","","FEMALE","1994","200.34"
"HUN","","FEMALE","1995","200.56"
"HUN","","FEMALE","1996","199.99"
"HUN","","FEMALE","1997","199.08"
"HUN","","FEMALE","1998","197.79"
"HUN","","FEMALE","1999","205.17"
"HUN","","FEMALE","2000","201.18"
"HUN","","FEMALE","2001","191.67"
"HUN","","FEMALE","2002","188.47"
"HUN","","FEMALE","2003","191.38"
"HUN","","FEMALE","2004","187.8"
"HUN","","FEMALE","2005","172.68"
"HUN","","FEMALE","2006","172.92"
"HUN","","FEMALE","2007","175.89"
"HUN","","FEMALE","2008","176.54"
"HUN","","FEMALE","2009","178.21"
"HUN","","FEMALE","2010","174.89"
"HUN","","FEMALE","2011","177.81"
"HUN","","FEMALE","2012","178.2"
"HUN","","FEMALE","2013","176.38"
"HUN","","FEMALE","2014","175.66"
"HUN","","FEMALE","2015","174.81"
"HUN","","FEMALE","2016","171.05"
"HUN","","FEMALE","2017","172.21"
"HUN","","FEMALE","2018","168.22"
"HUN","","FEMALE","2019","163.51"
"IRL","","FEMALE","1968","173.41"
"IRL","","FEMALE","1969","180.29"
"IRL","","FEMALE","1970","178.69"
"IRL","","FEMALE","1971","178.01"
"IRL","","FEMALE","1972","177.45"
"IRL","","FEMALE","1973","181.77"
"IRL","","FEMALE","1974","191.82"
"IRL","","FEMALE","1975","190.41"
"IRL","","FEMALE","1976","183.46"
"IRL","","FEMALE","1977","178.85"
"IRL","","FEMALE","1978","182.16"
"IRL","","FEMALE","1979","178.61"
"IRL","","FEMALE","1980","180.84"
"IRL","","FEMALE","1981","174.21"
"IRL","","FEMALE","1982","181.55"
"IRL","","FEMALE","1983","183.04"
"IRL","","FEMALE","1984","184.29"
"IRL","","FEMALE","1985","177.12"
"IRL","","FEMALE","1986","185.83"
"IRL","","FEMALE","1987","184.04"
"IRL","","FEMALE","1988","189.5"
"IRL","","FEMALE","1989","195.98"
"IRL","","FEMALE","1990","181.79"
"IRL","","FEMALE","1991","185.42"
"IRL","","FEMALE","1992","187.69"
"IRL","","FEMALE","1993","180.81"
"IRL","","FEMALE","1994","182.51"
"IRL","","FEMALE","1995","178.21"
"IRL","","FEMALE","1996","173.02"
"IRL","","FEMALE","1997","177.7"
"IRL","","FEMALE","1998","171.7"
"IRL","","FEMALE","1999","170.32"
"IRL","","FEMALE","2000","174.23"
"IRL","","FEMALE","2001","169.68"
"IRL","","FEMALE","2002","158.93"
"IRL","","FEMALE","2003","162.97"
"IRL","","FEMALE","2004","161.28"
"IRL","","FEMALE","2005","161.31"
"IRL","","FEMALE","2006","161.37"
"IRL","","FEMALE","2007","155.51"
"IRL","","FEMALE","2008","159.22"
"IRL","","FEMALE","2009","149.95"
"IRL","","FEMALE","2011","152.62"
"IRL","","FEMALE","2012","147.04"
"IRL","","FEMALE","2013","147.9"
"IRL","","FEMALE","2015","140.67"
"IRL","","FEMALE","2018","135.47"
"ISL","","FEMALE","1971","176.83"
"ISL","","FEMALE","1972","186.3"
"ISL","","FEMALE","1973","156.54"
"ISL","","FEMALE","1974","172.31"
"ISL","","FEMALE","1975","166.03"
"ISL","","FEMALE","1976","154"
"ISL","","FEMALE","1977","160.87"
"ISL","","FEMALE","1978","161.03"
"ISL","","FEMALE","1979","160.84"
"ISL","","FEMALE","1980","148.78"
"ISL","","FEMALE","1981","156.6"
"ISL","","FEMALE","1982","174.91"
"ISL","","FEMALE","1983","162.67"
"ISL","","FEMALE","1984","170.74"
"ISL","","FEMALE","1985","157.68"
"ISL","","FEMALE","1986","150.58"
"ISL","","FEMALE","1987","189.96"
"ISL","","FEMALE","1988","174.05"
"ISL","","FEMALE","1989","168.32"
"ISL","","FEMALE","1990","176.9"
"ISL","","FEMALE","1991","156.87"
"ISL","","FEMALE","1992","162.51"
"ISL","","FEMALE","1993","185.5"
"ISL","","FEMALE","1994","170.96"
"ISL","","FEMALE","1995","173.21"
"ISL","","FEMALE","1996","178.93"
"ISL","","FEMALE","1997","168.8"
"ISL","","FEMALE","1998","163.39"
"ISL","","FEMALE","1999","160.91"
"ISL","","FEMALE","2000","168.08"
"ISL","","FEMALE","2001","134.68"
"ISL","","FEMALE","2002","151.55"
"ISL","","FEMALE","2003","157.93"
"ISL","","FEMALE","2004","147.69"
"ISL","","FEMALE","2005","133.81"
"ISL","","FEMALE","2006","132.86"
"ISL","","FEMALE","2007","157.75"
"ISL","","FEMALE","2008","151.88"
"ISL","","FEMALE","2009","133.66"
"ISL","","FEMALE","2010","136.53"
"ISL","","FEMALE","2011","134.74"
"ISL","","FEMALE","2012","135.4"
"ISL","","FEMALE","2013","130.07"
"ISL","","FEMALE","2014","135.04"
"ISL","","FEMALE","2015","136.06"
"ISL","","FEMALE","2016","145.78"
"ISL","","FEMALE","2017","121.21"
"ISL","","FEMALE","2018","121.52"
"ISL","","FEMALE","2019","122.75"
"ISL","","FEMALE","2020","120.88"
"ISL","","FEMALE","2021","116.86"
"ISR","","FEMALE","1970","179.1"
"ISR","","FEMALE","1971","176.96"
"ISR","","FEMALE","1972","175.27"
"ISR","","FEMALE","1973","174.8"
"ISR","","FEMALE","1974","181.39"
"ISR","","FEMALE","1975","160.98"
"ISR","","FEMALE","1976","162.68"
"ISR","","FEMALE","1977","162.61"
"ISR","","FEMALE","1978","170.13"
"ISR","","FEMALE","1979","166.32"
"ISR","","FEMALE","1980","162.66"
"ISR","","FEMALE","1981","156.07"
"ISR","","FEMALE","1982","148.46"
"ISR","","FEMALE","1983","155.77"
"ISR","","FEMALE","1984","150.26"
"ISR","","FEMALE","1985","142.16"
"ISR","","FEMALE","1986","147.63"
"ISR","","FEMALE","1987","147.94"
"ISR","","FEMALE","1988","148.68"
"ISR","","FEMALE","1989","145.54"
"ISR","","FEMALE","1990","149.2"
"ISR","","FEMALE","1991","151.81"
"ISR","","FEMALE","1992","149.59"
"ISR","","FEMALE","1993","151.63"
"ISR","","FEMALE","1994","156.45"
"ISR","","FEMALE","1995","159.71"
"ISR","","FEMALE","1996","156.53"
"ISR","","FEMALE","1997","149.66"
"ISR","","FEMALE","1998","150.28"
"ISR","","FEMALE","1999","145.32"
"ISR","","FEMALE","2000","145.26"
"ISR","","FEMALE","2001","144.18"
"ISR","","FEMALE","2002","142.86"
"ISR","","FEMALE","2003","143.14"
"ISR","","FEMALE","2004","134.08"
"ISR","","FEMALE","2005","136.5"
"ISR","","FEMALE","2006","134.41"
"ISR","","FEMALE","2007","133.44"
"ISR","","FEMALE","2008","132.23"
"ISR","","FEMALE","2009","124.9"
"ISR","","FEMALE","2010","127.32"
"ISR","","FEMALE","2011","120.21"
"ISR","","FEMALE","2012","121.7"
"ISR","","FEMALE","2013","121.06"
"ISR","","FEMALE","2014","118.93"
"ISR","","FEMALE","2015","115.31"
"ISR","","FEMALE","2016","113.37"
"ISR","","FEMALE","2017","111.04"
"ISR","","FEMALE","2018","108.62"
"ISR","","FEMALE","2019","110.45"
"ISR","","FEMALE","2020","103.3"
"ISR","","FEMALE","2021","105.79"
"ITA","","FEMALE","1968","147.05"
"ITA","","FEMALE","1969","151.53"
"ITA","","FEMALE","1970","146.91"
"ITA","","FEMALE","1971","147.9"
"ITA","","FEMALE","1972","149.25"
"ITA","","FEMALE","1973","150.22"
"ITA","","FEMALE","1974","146.47"
"ITA","","FEMALE","1975","145.04"
"ITA","","FEMALE","1976","145.99"
"ITA","","FEMALE","1977","145.36"
"ITA","","FEMALE","1978","144.17"
"ITA","","FEMALE","1979","144.43"
"ITA","","FEMALE","1980","143.45"
"ITA","","FEMALE","1981","143.59"
"ITA","","FEMALE","1982","146.95"
"ITA","","FEMALE","1983","149.15"
"ITA","","FEMALE","1984","147.77"
"ITA","","FEMALE","1985","147.51"
"ITA","","FEMALE","1986","146.71"
"ITA","","FEMALE","1987","147.82"
"ITA","","FEMALE","1988","148.37"
"ITA","","FEMALE","1989","146.24"
"ITA","","FEMALE","1990","144.84"
"ITA","","FEMALE","1991","145.93"
"ITA","","FEMALE","1992","145.38"
"ITA","","FEMALE","1993","144.99"
"ITA","","FEMALE","1994","144.07"
"ITA","","FEMALE","1995","137.64"
"ITA","","FEMALE","1996","137.67"
"ITA","","FEMALE","1997","134.95"
"ITA","","FEMALE","1998","134.09"
"ITA","","FEMALE","1999","130.1"
"ITA","","FEMALE","2000","132.2"
"ITA","","FEMALE","2001","131.91"
"ITA","","FEMALE","2002","129.1"
"ITA","","FEMALE","2003","128.28"
"ITA","","FEMALE","2004","127.1"
"ITA","","FEMALE","2005","124.93"
"ITA","","FEMALE","2006","122.59"
"ITA","","FEMALE","2007","123.42"
"ITA","","FEMALE","2008","122.07"
"ITA","","FEMALE","2009","122.19"
"ITA","","FEMALE","2010","119.88"
"ITA","","FEMALE","2011","120.51"
"ITA","","FEMALE","2012","120.11"
"ITA","","FEMALE","2013","117.07"
"ITA","","FEMALE","2014","115.01"
"ITA","","FEMALE","2015","115.42"
"ITA","","FEMALE","2016","113.47"
"ITA","","FEMALE","2017","113.04"
"ITA","","FEMALE","2018","112.91"
"ITA","","FEMALE","2019","109.81"
"ITA","","FEMALE","2020","109.61"
"KAZ","","FEMALE","1981","148.07"
"KAZ","","FEMALE","1982","145.06"
"KAZ","","FEMALE","1985","152.71"
"KAZ","","FEMALE","1986","152.99"
"KAZ","","FEMALE","1987","154.66"
"KAZ","","FEMALE","1988","154.51"
"KAZ","","FEMALE","1989","153.82"
"KAZ","","FEMALE","1990","154.28"
"KAZ","","FEMALE","1991","151.72"
"KAZ","","FEMALE","1992","149.87"
"KAZ","","FEMALE","1993","145.92"
"KAZ","","FEMALE","1994","145.08"
"KAZ","","FEMALE","1995","146.25"
"KAZ","","FEMALE","1996","145.9"
"KAZ","","FEMALE","1997","145.63"
"KAZ","","FEMALE","1998","145.35"
"KAZ","","FEMALE","1999","141.1"
"KAZ","","FEMALE","2000","140.94"
"KAZ","","FEMALE","2001","139.88"
"KAZ","","FEMALE","2002","138.85"
"KAZ","","FEMALE","2003","135.52"
"KAZ","","FEMALE","2004","130.5"
"KAZ","","FEMALE","2005","128.83"
"KAZ","","FEMALE","2006","127.35"
"KAZ","","FEMALE","2007","121.77"
"KAZ","","FEMALE","2008","120.67"
"KAZ","","FEMALE","2009","117.43"
"KAZ","","FEMALE","2010","118.67"
"KAZ","","FEMALE","2011","113.2"
"KAZ","","FEMALE","2012","113.6"
"KAZ","","FEMALE","2013","107.27"
"KAZ","","FEMALE","2014","99.19"
"KAZ","","FEMALE","2015","98.33"
"KAZ","","FEMALE","2016","92.3"
"KAZ","","FEMALE","2017","87.94"
"KAZ","","FEMALE","2018","82.36"
"KAZ","","FEMALE","2019","79.42"
"KAZ","","FEMALE","2020","78.88"
"KAZ","","FEMALE","2021","74.83"
"KGZ","","FEMALE","1981","97.51"
"KGZ","","FEMALE","1982","103.14"
"KGZ","","FEMALE","1985","103.63"
"KGZ","","FEMALE","1986","103.76"
"KGZ","","FEMALE","1987","102.42"
"KGZ","","FEMALE","1988","110.61"
"KGZ","","FEMALE","1989","97.05"
"KGZ","","FEMALE","1990","104.4"
"KGZ","","FEMALE","1991","106.57"
"KGZ","","FEMALE","1992","109.73"
"KGZ","","FEMALE","1993","95.15"
"KGZ","","FEMALE","1994","97.13"
"KGZ","","FEMALE","1995","92.34"
"KGZ","","FEMALE","1996","91.8"
"KGZ","","FEMALE","1997","91.51"
"KGZ","","FEMALE","1998","94.98"
"KGZ","","FEMALE","1999","95.31"
"KGZ","","FEMALE","2000","95.85"
"KGZ","","FEMALE","2001","90.97"
"KGZ","","FEMALE","2002","92.88"
"KGZ","","FEMALE","2003","98.01"
"KGZ","","FEMALE","2004","94.47"
"KGZ","","FEMALE","2005","90.68"
"KGZ","","FEMALE","2006","94.09"
"KGZ","","FEMALE","2007","88.11"
"KGZ","","FEMALE","2008","91.45"
"KGZ","","FEMALE","2009","92.11"
"KGZ","","FEMALE","2010","92.1"
"KGZ","","FEMALE","2011","93.56"
"KGZ","","FEMALE","2012","90.45"
"KGZ","","FEMALE","2013","95.38"
"KGZ","","FEMALE","2014","97.42"
"KGZ","","FEMALE","2015","101.31"
"KGZ","","FEMALE","2016","93.55"
"LTU","","FEMALE","1981","129.78"
"LTU","","FEMALE","1982","133.05"
"LTU","","FEMALE","1985","137.5"
"LTU","","FEMALE","1986","134.39"
"LTU","","FEMALE","1987","131.12"
"LTU","","FEMALE","1988","133.89"
"LTU","","FEMALE","1989","137.17"
"LTU","","FEMALE","1990","138.32"
"LTU","","FEMALE","1991","140.37"
"LTU","","FEMALE","1992","139.26"
"LTU","","FEMALE","1993","147.85"
"LTU","","FEMALE","1994","144.95"
"LTU","","FEMALE","1995","142.7"
"LTU","","FEMALE","1996","142.64"
"LTU","","FEMALE","1997","137.49"
"LTU","","FEMALE","1998","141.62"
"LTU","","FEMALE","1999","143.3"
"LTU","","FEMALE","2000","142.38"
"LTU","","FEMALE","2001","141.6"
"LTU","","FEMALE","2002","141.43"
"LTU","","FEMALE","2003","140.26"
"LTU","","FEMALE","2004","138.5"
"LTU","","FEMALE","2005","138.59"
"LTU","","FEMALE","2006","133.21"
"LTU","","FEMALE","2007","133.63"
"LTU","","FEMALE","2008","142.89"
"LTU","","FEMALE","2009","133.55"
"LTU","","FEMALE","2010","129.62"
"LTU","","FEMALE","2011","133.77"
"LTU","","FEMALE","2012","128.2"
"LTU","","FEMALE","2013","127.08"
"LTU","","FEMALE","2014","124.66"
"LTU","","FEMALE","2015","131.89"
"LTU","","FEMALE","2016","130.35"
"LTU","","FEMALE","2017","126.4"
"LTU","","FEMALE","2018","124.73"
"LTU","","FEMALE","2019","125.78"
"LTU","","FEMALE","2020","125.99"
"LTU","","FEMALE","2021","118.45"
"LTU","","FEMALE","2022","123.58"
"LUX","","FEMALE","1971","163"
"LUX","","FEMALE","1972","187.21"
"LUX","","FEMALE","1973","167.77"
"LUX","","FEMALE","1974","158.33"
"LUX","","FEMALE","1975","183.45"
"LUX","","FEMALE","1976","170.38"
"LUX","","FEMALE","1977","165.53"
"LUX","","FEMALE","1978","173.52"
"LUX","","FEMALE","1979","166.83"
"LUX","","FEMALE","1980","194.01"
"LUX","","FEMALE","1981","188.05"
"LUX","","FEMALE","1982","179.83"
"LUX","","FEMALE","1983","165.9"
"LUX","","FEMALE","1984","180.43"
"LUX","","FEMALE","1985","181.08"
"LUX","","FEMALE","1986","155.03"
"LUX","","FEMALE","1987","177.09"
"LUX","","FEMALE","1988","160.83"
"LUX","","FEMALE","1989","165.33"
"LUX","","FEMALE","1990","169.97"
"LUX","","FEMALE","1991","158.55"
"LUX","","FEMALE","1992","159.86"
"LUX","","FEMALE","1993","158.43"
"LUX","","FEMALE","1994","153.98"
"LUX","","FEMALE","1995","146.82"
"LUX","","FEMALE","1996","140.78"
"LUX","","FEMALE","1997","160.6"
"LUX","","FEMALE","1998","143.22"
"LUX","","FEMALE","1999","134.58"
"LUX","","FEMALE","2000","138.52"
"LUX","","FEMALE","2001","140.53"
"LUX","","FEMALE","2002","129.26"
"LUX","","FEMALE","2003","133.26"
"LUX","","FEMALE","2004","111.68"
"LUX","","FEMALE","2005","117.87"
"LUX","","FEMALE","2006","122.3"
"LUX","","FEMALE","2007","133.57"
"LUX","","FEMALE","2008","121.75"
"LUX","","FEMALE","2009","133.11"
"LUX","","FEMALE","2010","120.03"
"LUX","","FEMALE","2011","126.65"
"LUX","","FEMALE","2012","124.54"
"LUX","","FEMALE","2013","120.89"
"LUX","","FEMALE","2014","112.39"
"LUX","","FEMALE","2015","117.35"
"LUX","","FEMALE","2016","104.47"
"LUX","","FEMALE","2017","119.2"
"LUX","","FEMALE","2018","90.77"
"LUX","","FEMALE","2019","103.86"
"LUX","","FEMALE","2020","97.72"
"LUX","","FEMALE","2021","93.03"
"LUX","","FEMALE","2022","96.72"
"LVA","","FEMALE","1980","134.53"
"LVA","","FEMALE","1981","132.85"
"LVA","","FEMALE","1982","133.85"
"LVA","","FEMALE","1983","133.88"
"LVA","","FEMALE","1984","140.35"
"LVA","","FEMALE","1985","144.59"
"LVA","","FEMALE","1986","140.26"
"LVA","","FEMALE","1987","142.93"
"LVA","","FEMALE","1988","136.57"
"LVA","","FEMALE","1989","143.93"
"LVA","","FEMALE","1990","142.11"
"LVA","","FEMALE","1991","139.01"
"LVA","","FEMALE","1992","137.87"
"LVA","","FEMALE","1993","138.31"
"LVA","","FEMALE","1994","140.18"
"LVA","","FEMALE","1995","142.21"
"LVA","","FEMALE","1996","138.73"
"LVA","","FEMALE","1997","142.26"
"LVA","","FEMALE","1998","146.7"
"LVA","","FEMALE","1999","138.9"
"LVA","","FEMALE","2000","139.81"
"LVA","","FEMALE","2001","142.41"
"LVA","","FEMALE","2002","140.19"
"LVA","","FEMALE","2003","141.82"
"LVA","","FEMALE","2004","139.4"
"LVA","","FEMALE","2005","139.24"
"LVA","","FEMALE","2006","148.22"
"LVA","","FEMALE","2007","142.49"
"LVA","","FEMALE","2008","137.86"
"LVA","","FEMALE","2009","146.91"
"LVA","","FEMALE","2010","147.6"
"LVA","","FEMALE","2011","140.89"
"LVA","","FEMALE","2012","139.65"
"LVA","","FEMALE","2013","138.07"
"LVA","","FEMALE","2014","136.41"
"LVA","","FEMALE","2015","142.84"
"LVA","","FEMALE","2016","134.8"
"LVA","","FEMALE","2017","136.79"
"LVA","","FEMALE","2018","139.66"
"LVA","","FEMALE","2019","137.19"
"LVA","","FEMALE","2020","141.07"
"LVA","","FEMALE","2021","129.7"
"MDA","","FEMALE","1981","105.26"
"MDA","","FEMALE","1982","101.8"
"MDA","","FEMALE","1985","103.94"
"MDA","","FEMALE","1986","109.38"
"MDA","","FEMALE","1987","113.77"
"MDA","","FEMALE","1988","112.84"
"MDA","","FEMALE","1989","121.64"
"MDA","","FEMALE","1990","122.12"
"MDA","","FEMALE","1991","125.68"
"MDA","","FEMALE","1992","120.77"
"MDA","","FEMALE","1993","124.78"
"MDA","","FEMALE","1994","123.62"
"MDA","","FEMALE","1995","119.22"
"MDA","","FEMALE","1996","118.9"
"MDA","","FEMALE","1997","114.19"
"MDA","","FEMALE","1998","114.47"
"MDA","","FEMALE","1999","114.58"
"MDA","","FEMALE","2000","112.1"
"MDA","","FEMALE","2001","113.41"
"MDA","","FEMALE","2002","115.27"
"MDA","","FEMALE","2003","119.81"
"MDA","","FEMALE","2004","116.98"
"MDA","","FEMALE","2005","119.36"
"MDA","","FEMALE","2006","125.25"
"MDA","","FEMALE","2007","123.86"
"MDA","","FEMALE","2008","125.11"
"MDA","","FEMALE","2009","125.53"
"MDA","","FEMALE","2010","121.94"
"MDA","","FEMALE","2011","122.28"
"MDA","","FEMALE","2012","116.08"
"MDA","","FEMALE","2013","117.94"
"MDA","","FEMALE","2014","120.66"
"MDA","","FEMALE","2015","119.16"
"MDA","","FEMALE","2016","118.23"
"MDA","","FEMALE","2017","112.34"
"MDA","","FEMALE","2018","109.98"
"MKD","","FEMALE","1991","111.41"
"MKD","","FEMALE","1992","103.14"
"MKD","","FEMALE","1993","107.14"
"MKD","","FEMALE","1994","117.79"
"MKD","","FEMALE","1995","109.25"
"MKD","","FEMALE","1996","122.27"
"MKD","","FEMALE","1997","123.95"
"MKD","","FEMALE","1998","124.01"
"MKD","","FEMALE","1999","126.17"
"MKD","","FEMALE","2000","126.95"
"MKD","","FEMALE","2001","120.34"
"MKD","","FEMALE","2002","116.1"
"MKD","","FEMALE","2003","122.35"
"MKD","","FEMALE","2004","121.16"
"MKD","","FEMALE","2005","118.96"
"MKD","","FEMALE","2006","127.39"
"MKD","","FEMALE","2007","130.76"
"MKD","","FEMALE","2008","125.46"
"MKD","","FEMALE","2009","128.42"
"MKD","","FEMALE","2010","128.77"
"MKD","","FEMALE","2011","117.43"
"MKD","","FEMALE","2012","122.31"
"MKD","","FEMALE","2013","120"
"MKD","","FEMALE","2015","118.05"
"MKD","","FEMALE","2016","123.97"
"MKD","","FEMALE","2017","117.06"
"MKD","","FEMALE","2018","112.8"
"MKD","","FEMALE","2019","133.57"
"MKD","","FEMALE","2020","114.78"
"MKD","","FEMALE","2021","116.77"
"MLT","","FEMALE","1968","120.58"
"MLT","","FEMALE","1969","131.17"
"MLT","","FEMALE","1970","120.83"
"MLT","","FEMALE","1971","125.2"
"MLT","","FEMALE","1972","112.5"
"MLT","","FEMALE","1973","117.85"
"MLT","","FEMALE","1974","136.15"
"MLT","","FEMALE","1975","122.37"
"MLT","","FEMALE","1976","135.35"
"MLT","","FEMALE","1977","124.34"
"MLT","","FEMALE","1978","166.72"
"MLT","","FEMALE","1979","154.07"
"MLT","","FEMALE","1980","162.52"
"MLT","","FEMALE","1981","172.58"
"MLT","","FEMALE","1982","177.51"
"MLT","","FEMALE","1983","152.42"
"MLT","","FEMALE","1984","170.86"
"MLT","","FEMALE","1985","145.11"
"MLT","","FEMALE","1986","136.04"
"MLT","","FEMALE","1987","134.34"
"MLT","","FEMALE","1988","128.71"
"MLT","","FEMALE","1989","143.03"
"MLT","","FEMALE","1990","131.07"
"MLT","","FEMALE","1991","140.9"
"MLT","","FEMALE","1992","154.12"
"MLT","","FEMALE","1993","152.93"
"MLT","","FEMALE","1994","167.89"
"MLT","","FEMALE","1995","153.61"
"MLT","","FEMALE","1996","144.41"
"MLT","","FEMALE","1997","137.37"
"MLT","","FEMALE","1998","139.93"
"MLT","","FEMALE","1999","136.71"
"MLT","","FEMALE","2000","149.1"
"MLT","","FEMALE","2001","122.56"
"MLT","","FEMALE","2002","128.38"
"MLT","","FEMALE","2003","135.01"
"MLT","","FEMALE","2004","125.57"
"MLT","","FEMALE","2005","119.08"
"MLT","","FEMALE","2006","126.23"
"MLT","","FEMALE","2007","129.6"
"MLT","","FEMALE","2008","120.66"
"MLT","","FEMALE","2009","121.56"
"MLT","","FEMALE","2010","127.03"
"MLT","","FEMALE","2011","125.36"
"MLT","","FEMALE","2012","130.18"
"MLT","","FEMALE","2013","112.12"
"MLT","","FEMALE","2014","107.86"
"MLT","","FEMALE","2015","112.85"
"MLT","","FEMALE","2016","113.88"
"MLT","","FEMALE","2017","109.72"
"MNE","","FEMALE","2000","106.33"
"MNE","","FEMALE","2001","114.09"
"MNE","","FEMALE","2002","122.56"
"MNE","","FEMALE","2003","111.79"
"MNE","","FEMALE","2004","113.83"
"MNE","","FEMALE","2005","122.56"
"MNE","","FEMALE","2006","113.36"
"MNE","","FEMALE","2007","107.19"
"MNE","","FEMALE","2008","97.94"
"MNE","","FEMALE","2009","103.29"
"MNE","","FEMALE","2017","123.36"
"MNE","","FEMALE","2019","126.54"
"NLD","","FEMALE","1969","180.05"
"NLD","","FEMALE","1970","177.15"
"NLD","","FEMALE","1971","172.71"
"NLD","","FEMALE","1972","172.75"
"NLD","","FEMALE","1973","173.82"
"NLD","","FEMALE","1974","170.47"
"NLD","","FEMALE","1975","170.21"
"NLD","","FEMALE","1976","163.47"
"NLD","","FEMALE","1977","163.49"
"NLD","","FEMALE","1978","164.52"
"NLD","","FEMALE","1979","167.16"
"NLD","","FEMALE","1980","159.62"
"NLD","","FEMALE","1981","165.38"
"NLD","","FEMALE","1982","161.33"
"NLD","","FEMALE","1983","162.02"
"NLD","","FEMALE","1984","160.86"
"NLD","","FEMALE","1985","162.82"
"NLD","","FEMALE","1986","162.39"
"NLD","","FEMALE","1987","166.04"
"NLD","","FEMALE","1988","164.84"
"NLD","","FEMALE","1989","164.43"
"NLD","","FEMALE","1990","162.37"
"NLD","","FEMALE","1991","162.32"
"NLD","","FEMALE","1992","159.99"
"NLD","","FEMALE","1993","162.2"
"NLD","","FEMALE","1994","162.41"
"NLD","","FEMALE","1995","158.75"
"NLD","","FEMALE","1996","161.11"
"NLD","","FEMALE","1997","161.53"
"NLD","","FEMALE","1998","158.53"
"NLD","","FEMALE","1999","161.6"
"NLD","","FEMALE","2000","157.89"
"NLD","","FEMALE","2001","156.14"
"NLD","","FEMALE","2002","157.15"
"NLD","","FEMALE","2003","155.22"
"NLD","","FEMALE","2004","156.09"
"NLD","","FEMALE","2005","156.66"
"NLD","","FEMALE","2006","154.26"
"NLD","","FEMALE","2007","151.26"
"NLD","","FEMALE","2008","155.39"
"NLD","","FEMALE","2009","151.27"
"NLD","","FEMALE","2010","151.99"
"NLD","","FEMALE","2011","154.57"
"NLD","","FEMALE","2012","151.05"
"NLD","","FEMALE","2013","144.89"
"NLD","","FEMALE","2014","144.19"
"NLD","","FEMALE","2015","144.97"
"NLD","","FEMALE","2016","145.84"
"NLD","","FEMALE","2017","139.82"
"NLD","","FEMALE","2018","134.5"
"NLD","","FEMALE","2019","131.76"
"NLD","","FEMALE","2020","131.12"
"NLD","","FEMALE","2021","131.8"
"NLD","","FEMALE","2022","129.88"
"NOR","","FEMALE","1969","155.01"
"NOR","","FEMALE","1970","146.88"
"NOR","","FEMALE","1971","144.05"
"NOR","","FEMALE","1972","145.03"
"NOR","","FEMALE","1973","143.53"
"NOR","","FEMALE","1974","141.7"
"NOR","","FEMALE","1975","146.41"
"NOR","","FEMALE","1976","149.37"
"NOR","","FEMALE","1977","150.22"
"NOR","","FEMALE","1978","150.05"
"NOR","","FEMALE","1979","147.53"
"NOR","","FEMALE","1980","146.04"
"NOR","","FEMALE","1981","149.16"
"NOR","","FEMALE","1982","149.89"
"NOR","","FEMALE","1983","148.25"
"NOR","","FEMALE","1984","147.4"
"NOR","","FEMALE","1985","151.16"
"NOR","","FEMALE","1986","149.95"
"NOR","","FEMALE","1987","149.69"
"NOR","","FEMALE","1988","153.52"
"NOR","","FEMALE","1989","149.66"
"NOR","","FEMALE","1990","150.4"
"NOR","","FEMALE","1991","145.49"
"NOR","","FEMALE","1992","144.07"
"NOR","","FEMALE","1993","149.73"
"NOR","","FEMALE","1994","154.08"
"NOR","","FEMALE","1995","151.63"
"NOR","","FEMALE","1996","158.39"
"NOR","","FEMALE","1997","156.44"
"NOR","","FEMALE","1998","145.72"
"NOR","","FEMALE","1999","145.71"
"NOR","","FEMALE","2000","147.55"
"NOR","","FEMALE","2001","148.5"
"NOR","","FEMALE","2002","147.84"
"NOR","","FEMALE","2003","144.43"
"NOR","","FEMALE","2004","142.37"
"NOR","","FEMALE","2005","142.05"
"NOR","","FEMALE","2006","138.49"
"NOR","","FEMALE","2007","139.95"
"NOR","","FEMALE","2008","137.38"
"NOR","","FEMALE","2009","132.83"
"NOR","","FEMALE","2010","136.68"
"NOR","","FEMALE","2011","131.8"
"NOR","","FEMALE","2012","131.17"
"NOR","","FEMALE","2013","126.36"
"NOR","","FEMALE","2014","127.71"
"NOR","","FEMALE","2015","121.8"
"NOR","","FEMALE","2016","123.37"
"","NORDIC","FEMALE","1969","165.37"
"","NORDIC","FEMALE","1970","163.08"
"","NORDIC","FEMALE","1971","164.98"
"","NORDIC","FEMALE","1972","167.26"
"","NORDIC","FEMALE","1973","163"
"","NORDIC","FEMALE","1974","162.5"
"","NORDIC","FEMALE","1975","163.59"
"","NORDIC","FEMALE","1976","164.2"
"","NORDIC","FEMALE","1977","163.27"
"","NORDIC","FEMALE","1978","162.95"
"","NORDIC","FEMALE","1979","164.4"
"","NORDIC","FEMALE","1980","162.38"
"","NORDIC","FEMALE","1981","159.61"
"","NORDIC","FEMALE","1982","158.57"
"","NORDIC","FEMALE","1983","159.9"
"","NORDIC","FEMALE","1984","158.17"
"","NORDIC","FEMALE","1985","158.04"
"","NORDIC","FEMALE","1986","157.67"
"","NORDIC","FEMALE","1987","157.39"
"","NORDIC","FEMALE","1988","159.71"
"","NORDIC","FEMALE","1989","157.43"
"","NORDIC","FEMALE","1990","156.75"
"","NORDIC","FEMALE","1991","155.47"
"","NORDIC","FEMALE","1992","154.99"
"","NORDIC","FEMALE","1993","156.72"
"","NORDIC","FEMALE","1994","153.76"
"","NORDIC","FEMALE","1995","156.44"
"","NORDIC","FEMALE","1996","153.72"
"","NORDIC","FEMALE","1997","155.44"
"","NORDIC","FEMALE","1998","150.07"
"","NORDIC","FEMALE","1999","150.12"
"","NORDIC","FEMALE","2000","150.81"
"","NORDIC","FEMALE","2001","150.26"
"","NORDIC","FEMALE","2002","146.53"
"","NORDIC","FEMALE","2003","144.76"
"","NORDIC","FEMALE","2004","144.19"
"","NORDIC","FEMALE","2005","143.84"
"","NORDIC","FEMALE","2006","141.4"
"","NORDIC","FEMALE","2007","140.71"
"","NORDIC","FEMALE","2008","138.77"
"","NORDIC","FEMALE","2009","134.64"
"","NORDIC","FEMALE","2010","135.33"
"","NORDIC","FEMALE","2011","131.73"
"","NORDIC","FEMALE","2012","132.32"
"","NORDIC","FEMALE","2013","129.52"
"","NORDIC","FEMALE","2014","127.56"
"","NORDIC","FEMALE","2015","125.48"
"","NORDIC","FEMALE","2016","125.93"
"","NORDIC","FEMALE","2017","123.62"
"","NORDIC","FEMALE","2018","119.22"
"","NORDIC","FEMALE","2019","119.55"
"","NORDIC","FEMALE","2020","115.7"
"","NORDIC","FEMALE","2021","112.17"
"POL","","FEMALE","1969","148.72"
"POL","","FEMALE","1970","146.63"
"POL","","FEMALE","1971","147.14"
"POL","","FEMALE","1972","148.28"
"POL","","FEMALE","1973","146.78"
"POL","","FEMALE","1974","145"
"POL","","FEMALE","1975","143.99"
"POL","","FEMALE","1976","143.98"
"POL","","FEMALE","1977","145.1"
"POL","","FEMALE","1978","144.88"
"POL","","FEMALE","1979","144.88"
"POL","","FEMALE","1980","149.84"
"POL","","FEMALE","1981","149.6"
"POL","","FEMALE","1982","149.26"
"POL","","FEMALE","1983","150.3"
"POL","","FEMALE","1984","154.2"
"POL","","FEMALE","1985","152.4"
"POL","","FEMALE","1986","153.42"
"POL","","FEMALE","1987","153.51"
"POL","","FEMALE","1988","154.66"
"POL","","FEMALE","1989","154.1"
"POL","","FEMALE","1990","154.03"
"POL","","FEMALE","1991","155.22"
"POL","","FEMALE","1992","153.47"
"POL","","FEMALE","1993","155.13"
"POL","","FEMALE","1994","154.62"
"POL","","FEMALE","1995","155.96"
"POL","","FEMALE","1996","155.69"
"POL","","FEMALE","1999","153.4"
"POL","","FEMALE","2000","158.89"
"POL","","FEMALE","2001","158.38"
"POL","","FEMALE","2002","156.63"
"POL","","FEMALE","2003","157.68"
"POL","","FEMALE","2004","154.97"
"POL","","FEMALE","2005","155.46"
"POL","","FEMALE","2006","154.93"
"POL","","FEMALE","2007","154.45"
"POL","","FEMALE","2008","152.09"
"POL","","FEMALE","2009","150.11"
"POL","","FEMALE","2010","146.99"
"POL","","FEMALE","2011","144.23"
"POL","","FEMALE","2012","146.06"
"POL","","FEMALE","2013","143.41"
"POL","","FEMALE","2014","144.52"
"POL","","FEMALE","2015","146.28"
"POL","","FEMALE","2016","143.04"
"POL","","FEMALE","2017","142.35"
"POL","","FEMALE","2018","141.14"
"POL","","FEMALE","2019","140.24"
"POL","","FEMALE","2020","136.36"
"POL","","FEMALE","2021","128.61"
"PRT","","FEMALE","1971","130.18"
"PRT","","FEMALE","1972","128.92"
"PRT","","FEMALE","1973","130.97"
"PRT","","FEMALE","1974","125.03"
"PRT","","FEMALE","1975","119.24"
"PRT","","FEMALE","1976","122.24"
"PRT","","FEMALE","1977","121.46"
"PRT","","FEMALE","1978","122.33"
"PRT","","FEMALE","1979","124.72"
"PRT","","FEMALE","1980","127.29"
"PRT","","FEMALE","1981","119.97"
"PRT","","FEMALE","1982","121.19"
"PRT","","FEMALE","1983","120.86"
"PRT","","FEMALE","1984","123.67"
"PRT","","FEMALE","1985","122.83"
"PRT","","FEMALE","1986","123.9"
"PRT","","FEMALE","1987","122.89"
"PRT","","FEMALE","1988","126.39"
"PRT","","FEMALE","1989","123.82"
"PRT","","FEMALE","1990","125.78"
"PRT","","FEMALE","1991","124.94"
"PRT","","FEMALE","1992","123.49"
"PRT","","FEMALE","1993","124.92"
"PRT","","FEMALE","1994","119.59"
"PRT","","FEMALE","1995","121.75"
"PRT","","FEMALE","1996","119.8"
"PRT","","FEMALE","1997","118.27"
"PRT","","FEMALE","1998","116.93"
"PRT","","FEMALE","1999","114.94"
"PRT","","FEMALE","2000","115.21"
"PRT","","FEMALE","2001","115.85"
"PRT","","FEMALE","2002","114.58"
"PRT","","FEMALE","2003","113.13"
"PRT","","FEMALE","2004","109.63"
"PRT","","FEMALE","2007","107.68"
"PRT","","FEMALE","2008","106.88"
"PRT","","FEMALE","2009","108.83"
"PRT","","FEMALE","2010","106.24"
"PRT","","FEMALE","2011","107.93"
"PRT","","FEMALE","2012","105.47"
"PRT","","FEMALE","2013","103.57"
"PRT","","FEMALE","2014","103.57"
"PRT","","FEMALE","2015","103.18"
"PRT","","FEMALE","2016","104.13"
"PRT","","FEMALE","2017","104.23"
"PRT","","FEMALE","2018","102.64"
"ROU","","FEMALE","1969","124.16"
"ROU","","FEMALE","1970","122.66"
"ROU","","FEMALE","1971","123.93"
"ROU","","FEMALE","1972","121.33"
"ROU","","FEMALE","1973","121.01"
"ROU","","FEMALE","1974","121.02"
"ROU","","FEMALE","1975","120.39"
"ROU","","FEMALE","1976","118.64"
"ROU","","FEMALE","1977","125.61"
"ROU","","FEMALE","1978","122.52"
"ROU","","FEMALE","1980","120.52"
"ROU","","FEMALE","1981","114.42"
"ROU","","FEMALE","1982","115.36"
"ROU","","FEMALE","1983","114.48"
"ROU","","FEMALE","1984","114.27"
"ROU","","FEMALE","1985","116.43"
"ROU","","FEMALE","1986","116.82"
"ROU","","FEMALE","1987","114.38"
"ROU","","FEMALE","1988","116.81"
"ROU","","FEMALE","1989","115.71"
"ROU","","FEMALE","1990","115.57"
"ROU","","FEMALE","1991","115.4"
"ROU","","FEMALE","1992","116.47"
"ROU","","FEMALE","1993","120.15"
"ROU","","FEMALE","1994","121.83"
"ROU","","FEMALE","1995","122.14"
"ROU","","FEMALE","1996","125.47"
"ROU","","FEMALE","1997","126.93"
"ROU","","FEMALE","1998","126.17"
"ROU","","FEMALE","1999","126.06"
"ROU","","FEMALE","2000","129.58"
"ROU","","FEMALE","2001","130.5"
"ROU","","FEMALE","2002","132.1"
"ROU","","FEMALE","2003","131.87"
"ROU","","FEMALE","2004","130.28"
"ROU","","FEMALE","2005","131.97"
"ROU","","FEMALE","2006","132.55"
"ROU","","FEMALE","2007","129.68"
"ROU","","FEMALE","2008","128.39"
"ROU","","FEMALE","2009","129.56"
"ROU","","FEMALE","2010","127.6"
"ROU","","FEMALE","2011","128.62"
"ROU","","FEMALE","2012","129.84"
"ROU","","FEMALE","2013","132.49"
"ROU","","FEMALE","2014","131.31"
"ROU","","FEMALE","2015","133.12"
"ROU","","FEMALE","2016","133.06"
"ROU","","FEMALE","2017","132.51"
"ROU","","FEMALE","2018","132.26"
"ROU","","FEMALE","2019","126.77"
"RUS","","FEMALE","1980","133.33"
"RUS","","FEMALE","1981","133.38"
"RUS","","FEMALE","1982","134.52"
"RUS","","FEMALE","1983","136.12"
"RUS","","FEMALE","1984","134.53"
"RUS","","FEMALE","1985","134.39"
"RUS","","FEMALE","1986","136.87"
"RUS","","FEMALE","1987","137.76"
"RUS","","FEMALE","1988","138.5"
"RUS","","FEMALE","1989","139.52"
"RUS","","FEMALE","1990","140.57"
"RUS","","FEMALE","1991","140.69"
"RUS","","FEMALE","1992","142.12"
"RUS","","FEMALE","1993","142.05"
"RUS","","FEMALE","1994","142.57"
"RUS","","FEMALE","1995","140.32"
"RUS","","FEMALE","1996","137.71"
"RUS","","FEMALE","1997","137.61"
"RUS","","FEMALE","1998","137.16"
"RUS","","FEMALE","1999","138.13"
"RUS","","FEMALE","2000","137.7"
"RUS","","FEMALE","2001","135.63"
"RUS","","FEMALE","2002","133.93"
"RUS","","FEMALE","2003","133.86"
"RUS","","FEMALE","2004","133.82"
"RUS","","FEMALE","2005","131.99"
"RUS","","FEMALE","2006","131.04"
"RUS","","FEMALE","2007","130.95"
"RUS","","FEMALE","2008","131.09"
"RUS","","FEMALE","2009","132.25"
"RUS","","FEMALE","2010","129.76"
"RUS","","FEMALE","2011","127.77"
"RUS","","FEMALE","2012","125.88"
"RUS","","FEMALE","2013","125.21"
"RUS","","FEMALE","2014","125.24"
"RUS","","FEMALE","2015","123.49"
"RUS","","FEMALE","2019","115.28"
"","SEEHN","FEMALE","1985","118.58"
"","SEEHN","FEMALE","1986","118.71"
"","SEEHN","FEMALE","1987","115.61"
"","SEEHN","FEMALE","1988","117.54"
"","SEEHN","FEMALE","1989","117.59"
"","SEEHN","FEMALE","1990","116.14"
"","SEEHN","FEMALE","1991","117.17"
"","SEEHN","FEMALE","1992","116.79"
"","SEEHN","FEMALE","1993","118.6"
"","SEEHN","FEMALE","1994","120.38"
"","SEEHN","FEMALE","1995","121.02"
"","SEEHN","FEMALE","1996","123.52"
"","SEEHN","FEMALE","1997","122.95"
"","SEEHN","FEMALE","1998","125.53"
"","SEEHN","FEMALE","1999","125.69"
"","SEEHN","FEMALE","2000","127"
"","SEEHN","FEMALE","2001","126.08"
"","SEEHN","FEMALE","2002","127.67"
"","SEEHN","FEMALE","2003","128.2"
"","SEEHN","FEMALE","2004","126.86"
"","SEEHN","FEMALE","2005","129.69"
"","SEEHN","FEMALE","2006","130.08"
"","SEEHN","FEMALE","2007","128.1"
"","SEEHN","FEMALE","2008","127.89"
"","SEEHN","FEMALE","2009","126.6"
"","SEEHN","FEMALE","2010","128.67"
"","SEEHN","FEMALE","2011","127.31"
"","SEEHN","FEMALE","2012","129.2"
"","SEEHN","FEMALE","2013","128.92"
"","SEEHN","FEMALE","2014","129.23"
"","SEEHN","FEMALE","2015","129.04"
"","SEEHN","FEMALE","2016","129.39"
"","SEEHN","FEMALE","2017","127.74"
"","SEEHN","FEMALE","2018","126.58"
"","SEEHN","FEMALE","2019","126.19"
"","SEEHN","FEMALE","2021","120.29"
"","SMALL","FEMALE","1995","155.25"
"","SMALL","FEMALE","1996","150.63"
"","SMALL","FEMALE","1997","152.81"
"","SMALL","FEMALE","1998","145.62"
"","SMALL","FEMALE","1999","140.56"
"","SMALL","FEMALE","2000","133.65"
"","SMALL","FEMALE","2001","126.01"
"","SMALL","FEMALE","2002","130.38"
"","SMALL","FEMALE","2003","130.36"
"","SMALL","FEMALE","2004","112.58"
"","SMALL","FEMALE","2005","116.15"
"","SMALL","FEMALE","2006","113.49"
"","SMALL","FEMALE","2007","119.78"
"","SMALL","FEMALE","2008","112.07"
"","SMALL","FEMALE","2009","113.29"
"","SMALL","FEMALE","2010","110.03"
"","SMALL","FEMALE","2011","112.54"
"","SMALL","FEMALE","2012","112.16"
"","SMALL","FEMALE","2013","109.84"
"","SMALL","FEMALE","2014","106.83"
"","SMALL","FEMALE","2015","112.76"
"","SMALL","FEMALE","2016","109.1"
"","SMALL","FEMALE","2017","112.48"
"","SMALL","FEMALE","2019","109.93"
"SMR","","FEMALE","1995","129.5"
"SMR","","FEMALE","1996","109.5"
"SMR","","FEMALE","1997","84.6"
"SMR","","FEMALE","1998","84.34"
"SMR","","FEMALE","1999","84"
"SMR","","FEMALE","2000","108.11"
"SMR","","FEMALE","2005","175.14"
"SRB","","FEMALE","1998","146.54"
"SRB","","FEMALE","1999","146.22"
"SRB","","FEMALE","2000","149.41"
"SRB","","FEMALE","2001","148.25"
"SRB","","FEMALE","2002","149.79"
"SRB","","FEMALE","2003","152.6"
"SRB","","FEMALE","2004","154.27"
"SRB","","FEMALE","2005","156.86"
"SRB","","FEMALE","2006","158.97"
"SRB","","FEMALE","2007","156.72"
"SRB","","FEMALE","2008","158.72"
"SRB","","FEMALE","2009","161.81"
"SRB","","FEMALE","2010","160.61"
"SRB","","FEMALE","2011","155.32"
"SRB","","FEMALE","2012","158.49"
"SRB","","FEMALE","2013","154.58"
"SRB","","FEMALE","2014","156.72"
"SRB","","FEMALE","2015","152.99"
"SRB","","FEMALE","2016","157.76"
"SRB","","FEMALE","2017","157.56"
"SRB","","FEMALE","2018","156.84"
"SRB","","FEMALE","2019","152.27"
"SRB","","FEMALE","2020","151.33"
"SRB","","FEMALE","2021","149.64"
"SRB","","FEMALE","2022","145.43"
"SVK","","FEMALE","1971","155.19"
"SVK","","FEMALE","1972","151.87"
"SVK","","FEMALE","1973","146.33"
"SVK","","FEMALE","1974","145.44"
"SVK","","FEMALE","1975","146.76"
"SVK","","FEMALE","1976","147.52"
"SVK","","FEMALE","1977","152.28"
"SVK","","FEMALE","1978","150.94"
"SVK","","FEMALE","1979","146.96"
"SVK","","FEMALE","1980","144.25"
"SVK","","FEMALE","1981","139.89"
"SVK","","FEMALE","1982","141.73"
"SVK","","FEMALE","1983","139.19"
"SVK","","FEMALE","1984","141.44"
"SVK","","FEMALE","1985","145.59"
"SVK","","FEMALE","1986","147.6"
"SVK","","FEMALE","1987","138.6"
"SVK","","FEMALE","1988","143.83"
"SVK","","FEMALE","1989","150.12"
"SVK","","FEMALE","1990","148.48"
"SVK","","FEMALE","1991","151.49"
"SVK","","FEMALE","1992","144.59"
"SVK","","FEMALE","1993","146.03"
"SVK","","FEMALE","1994","152.51"
"SVK","","FEMALE","1995","150.2"
"SVK","","FEMALE","1996","148.53"
"SVK","","FEMALE","1997","153.07"
"SVK","","FEMALE","1998","160.38"
"SVK","","FEMALE","1999","156.14"
"SVK","","FEMALE","2000","156.6"
"SVK","","FEMALE","2001","154.38"
"SVK","","FEMALE","2002","148.89"
"SVK","","FEMALE","2003","147.79"
"SVK","","FEMALE","2004","145.9"
"SVK","","FEMALE","2005","146.5"
"SVK","","FEMALE","2006","142.74"
"SVK","","FEMALE","2007","145.03"
"SVK","","FEMALE","2008","143.76"
"SVK","","FEMALE","2009","143.46"
"SVK","","FEMALE","2010","138.72"
"SVK","","FEMALE","2012","145.54"
"SVK","","FEMALE","2013","145.47"
"SVK","","FEMALE","2014","149.2"
"SVK","","FEMALE","2016","144.82"
"SVK","","FEMALE","2017","142.57"
"SVK","","FEMALE","2018","143.36"
"SVK","","FEMALE","2019","135.88"
"SVK","","FEMALE","2020","139.03"
"SVK","","FEMALE","2021","128.61"
"SVN","","FEMALE","1985","155.42"
"SVN","","FEMALE","1986","155.04"
"SVN","","FEMALE","1987","153.84"
"SVN","","FEMALE","1988","148.62"
"SVN","","FEMALE","1989","148.21"
"SVN","","FEMALE","1990","152.3"
"SVN","","FEMALE","1991","161.18"
"SVN","","FEMALE","1992","161.28"
"SVN","","FEMALE","1993","165.03"
"SVN","","FEMALE","1994","156.59"
"SVN","","FEMALE","1995","161.06"
"SVN","","FEMALE","1996","157.31"
"SVN","","FEMALE","1997","161.76"
"SVN","","FEMALE","1998","152.38"
"SVN","","FEMALE","1999","156.49"
"SVN","","FEMALE","2000","149.04"
"SVN","","FEMALE","2001","150.02"
"SVN","","FEMALE","2002","147.28"
"SVN","","FEMALE","2003","151.25"
"SVN","","FEMALE","2004","147.32"
"SVN","","FEMALE","2005","148.21"
"SVN","","FEMALE","2006","145.42"
"SVN","","FEMALE","2007","145.54"
"SVN","","FEMALE","2008","151.53"
"SVN","","FEMALE","2009","145.46"
"SVN","","FEMALE","2010","145.6"
"SVN","","FEMALE","2011","142.3"
"SVN","","FEMALE","2012","140.01"
"SVN","","FEMALE","2013","142.55"
"SVN","","FEMALE","2014","134.43"
"SVN","","FEMALE","2015","140.94"
"SVN","","FEMALE","2016","137.29"
"SVN","","FEMALE","2017","140.61"
"SVN","","FEMALE","2018","144.84"
"SVN","","FEMALE","2019","129.73"
"SVN","","FEMALE","2020","129.93"
"SWE","","FEMALE","1969","158.87"
"SWE","","FEMALE","1970","159.36"
"SWE","","FEMALE","1971","162.88"
"SWE","","FEMALE","1972","167.94"
"SWE","","FEMALE","1973","165.29"
"SWE","","FEMALE","1974","167.56"
"SWE","","FEMALE","1975","166.13"
"SWE","","FEMALE","1976","162.21"
"SWE","","FEMALE","1977","162.64"
"SWE","","FEMALE","1978","161.41"
"SWE","","FEMALE","1979","160.93"
"SWE","","FEMALE","1980","159.63"
"SWE","","FEMALE","1981","151.32"
"SWE","","FEMALE","1982","151.83"
"SWE","","FEMALE","1983","146.98"
"SWE","","FEMALE","1984","145.76"
"SWE","","FEMALE","1985","147.26"
"SWE","","FEMALE","1986","144.1"
"SWE","","FEMALE","1987","145.51"
"SWE","","FEMALE","1988","146.42"
"SWE","","FEMALE","1989","144.01"
"SWE","","FEMALE","1990","144.22"
"SWE","","FEMALE","1991","143.73"
"SWE","","FEMALE","1992","143.04"
"SWE","","FEMALE","1993","143.86"
"SWE","","FEMALE","1994","137.96"
"SWE","","FEMALE","1995","142.31"
"SWE","","FEMALE","1996","140.59"
"SWE","","FEMALE","1997","140.35"
"SWE","","FEMALE","1998","138.03"
"SWE","","FEMALE","1999","136.96"
"SWE","","FEMALE","2000","138.87"
"SWE","","FEMALE","2001","140.47"
"SWE","","FEMALE","2002","137.25"
"SWE","","FEMALE","2003","135.5"
"SWE","","FEMALE","2004","138.95"
"SWE","","FEMALE","2005","136.45"
"SWE","","FEMALE","2006","135.25"
"SWE","","FEMALE","2007","134.05"
"SWE","","FEMALE","2008","131.54"
"SWE","","FEMALE","2009","129.51"
"SWE","","FEMALE","2010","126.26"
"SWE","","FEMALE","2011","124.65"
"SWE","","FEMALE","2012","125.64"
"SWE","","FEMALE","2013","125.78"
"SWE","","FEMALE","2014","122.94"
"SWE","","FEMALE","2015","121.68"
"SWE","","FEMALE","2016","118.91"
"SWE","","FEMALE","2017","120.36"
"SWE","","FEMALE","2018","114.55"
"SWE","","FEMALE","2019","113.63"
"SWE","","FEMALE","2020","109.8"
"SWE","","FEMALE","2021","108.19"
"SWE","","FEMALE","2022","106.46"
"TJK","","FEMALE","1981","83.28"
"TJK","","FEMALE","1982","80.75"
"TJK","","FEMALE","1985","88.99"
"TJK","","FEMALE","1986","93.47"
"TJK","","FEMALE","1987","95.32"
"TJK","","FEMALE","1988","88.76"
"TJK","","FEMALE","1989","97.43"
"TJK","","FEMALE","1990","90.38"
"TJK","","FEMALE","1991","84.8"
"TJK","","FEMALE","1992","80.95"
"TJK","","FEMALE","1993","76.39"
"TJK","","FEMALE","1994","69.17"
"TJK","","FEMALE","1995","54.74"
"TJK","","FEMALE","1996","53.43"
"TJK","","FEMALE","1997","55.39"
"TJK","","FEMALE","1998","56.16"
"TJK","","FEMALE","1999","66.5"
"TJK","","FEMALE","2000","58.38"
"TJK","","FEMALE","2001","62.89"
"TJK","","FEMALE","2002","72.14"
"TJK","","FEMALE","2003","68.43"
"TJK","","FEMALE","2004","65.08"
"TJK","","FEMALE","2005","62.75"
"TJK","","FEMALE","2017","62.28"
"TKM","","FEMALE","1981","142.87"
"TKM","","FEMALE","1982","128.9"
"TKM","","FEMALE","1985","127.9"
"TKM","","FEMALE","1986","135.26"
"TKM","","FEMALE","1987","134.75"
"TKM","","FEMALE","1988","126.93"
"TKM","","FEMALE","1989","117.29"
"TKM","","FEMALE","1990","114.55"
"TKM","","FEMALE","1991","115.74"
"TKM","","FEMALE","1992","116.63"
"TKM","","FEMALE","1993","123.44"
"TKM","","FEMALE","1994","113.69"
"TKM","","FEMALE","1995","91.41"
"TKM","","FEMALE","1996","93.57"
"TKM","","FEMALE","1997","90.01"
"TKM","","FEMALE","1998","78.97"
"TKM","","FEMALE","1999","79.49"
"TKM","","FEMALE","2000","78.3"
"TKM","","FEMALE","2001","74.69"
"TKM","","FEMALE","2002","70.59"
"TKM","","FEMALE","2003","71.05"
"TKM","","FEMALE","2004","70.92"
"TKM","","FEMALE","2005","69.38"
"TKM","","FEMALE","2006","68.52"
"TKM","","FEMALE","2007","75.58"
"TKM","","FEMALE","2008","72.39"
"TKM","","FEMALE","2009","77.31"
"TKM","","FEMALE","2010","87.56"
"TKM","","FEMALE","2011","81.79"
"TKM","","FEMALE","2012","84.28"
"TKM","","FEMALE","2013","82.32"
"TUR","","FEMALE","2009","74.54"
"TUR","","FEMALE","2010","76.97"
"TUR","","FEMALE","2011","79"
"TUR","","FEMALE","2012","78.63"
"TUR","","FEMALE","2013","82.75"
"TUR","","FEMALE","2014","82.2"
"TUR","","FEMALE","2015","81.2"
"TUR","","FEMALE","2016","80.84"
"TUR","","FEMALE","2017","79.43"
"TUR","","FEMALE","2018","77.74"
"TUR","","FEMALE","2019","72.48"
"UKR","","FEMALE","1981","116.48"
"UKR","","FEMALE","1982","117.65"
"UKR","","FEMALE","1985","120.02"
"UKR","","FEMALE","1986","123.74"
"UKR","","FEMALE","1987","125.41"
"UKR","","FEMALE","1988","127.21"
"UKR","","FEMALE","1989","129.41"
"UKR","","FEMALE","1990","130.29"
"UKR","","FEMALE","1991","132.73"
"UKR","","FEMALE","1992","131.73"
"UKR","","FEMALE","1993","130.35"
"UKR","","FEMALE","1994","130.52"
"UKR","","FEMALE","1995","129.33"
"UKR","","FEMALE","1996","124.8"
"UKR","","FEMALE","1997","124.19"
"UKR","","FEMALE","1998","123.98"
"UKR","","FEMALE","1999","125.01"
"UKR","","FEMALE","2000","123.6"
"UKR","","FEMALE","2001","121.06"
"UKR","","FEMALE","2002","119.68"
"UKR","","FEMALE","2003","118.59"
"UKR","","FEMALE","2004","117.8"
"UKR","","FEMALE","2005","117.29"
"UKR","","FEMALE","2006","116.34"
"UKR","","FEMALE","2007","116.06"
"UKR","","FEMALE","2008","115.6"
"UKR","","FEMALE","2009","115.29"
"UKR","","FEMALE","2010","115.25"
"UKR","","FEMALE","2011","113.91"
"UKR","","FEMALE","2012","118.27"
"UKR","","FEMALE","2014","111.75"
"UKR","","FEMALE","2015","104.81"
"UKR","","FEMALE","2017","102.07"
"UKR","","FEMALE","2018","100.96"
"UKR","","FEMALE","2019","100.13"
"UZB","","FEMALE","1981","93.89"
"UZB","","FEMALE","1982","92.97"
"UZB","","FEMALE","1985","94.59"
"UZB","","FEMALE","1986","104.84"
"UZB","","FEMALE","1987","106.09"
"UZB","","FEMALE","1988","102.84"
"UZB","","FEMALE","1989","98.53"
"UZB","","FEMALE","1990","96.8"
"UZB","","FEMALE","1991","95"
"UZB","","FEMALE","1992","90.58"
"UZB","","FEMALE","1993","87.14"
"UZB","","FEMALE","1994","83.28"
"UZB","","FEMALE","1995","80.76"
"UZB","","FEMALE","1996","80.47"
"UZB","","FEMALE","1997","75.03"
"UZB","","FEMALE","1998","75.03"
"UZB","","FEMALE","1999","73.38"
"UZB","","FEMALE","2000","74.65"
"UZB","","FEMALE","2001","70.4"
"UZB","","FEMALE","2002","69.64"
"UZB","","FEMALE","2003","70.3"
"UZB","","FEMALE","2004","70.13"
"UZB","","FEMALE","2005","70.03"
"UZB","","FEMALE","2009","65.89"
"UZB","","FEMALE","2010","63.73"
"UZB","","FEMALE","2011","65.57"
"UZB","","FEMALE","2012","64.74"
"UZB","","FEMALE","2013","65.87"
"UZB","","FEMALE","2014","67.13"
"UZB","","FEMALE","2015","70.09"
"UZB","","FEMALE","2016","71.57"
"","WESTERN_BALKANS","FEMALE","1998","121.24"
"","WESTERN_BALKANS","FEMALE","1999","122.38"
"","WESTERN_BALKANS","FEMALE","2000","125.24"
"","WESTERN_BALKANS","FEMALE","2001","121.73"
"","WESTERN_BALKANS","FEMALE","2002","123.85"
"","WESTERN_BALKANS","FEMALE","2003","126.71"
"","WESTERN_BALKANS","FEMALE","2004","127.04"
"","WESTERN_BALKANS","FEMALE","2005","126.73"
"","WESTERN_BALKANS","FEMALE","2006","128.83"
"","WESTERN_BALKANS","FEMALE","2007","125.43"
"","WESTERN_BALKANS","FEMALE","2008","126.43"
"","WESTERN_BALKANS","FEMALE","2009","127.8"
"","WESTERN_BALKANS","FEMALE","2011","123.72"
"","WESTERN_BALKANS","FEMALE","2016","129.39"
"","WESTERN_BALKANS","FEMALE","2017","127.91"
"","WESTERN_BALKANS","FEMALE","2019","126.05"
"","WESTERN_BALKANS","FEMALE","2021","120.97"
"","WHO_EURO","FEMALE","1980","147.67"
"","WHO_EURO","FEMALE","1981","141.12"
"","WHO_EURO","FEMALE","1982","141.57"
"","WHO_EURO","FEMALE","1983","142.18"
"","WHO_EURO","FEMALE","1984","142.35"
"","WHO_EURO","FEMALE","1985","141.67"
"","WHO_EURO","FEMALE","1986","142.97"
"","WHO_EURO","FEMALE","1987","143.14"
"","WHO_EURO","FEMALE","1988","143.77"
"","WHO_EURO","FEMALE","1989","143.38"
"","WHO_EURO","FEMALE","1990","142.5"
"","WHO_EURO","FEMALE","1991","142.74"
"","WHO_EURO","FEMALE","1992","142.26"
"","WHO_EURO","FEMALE","1993","141.82"
"","WHO_EURO","FEMALE","1994","140.76"
"","WHO_EURO","FEMALE","1995","138.97"
"","WHO_EURO","FEMALE","1996","137.3"
"","WHO_EURO","FEMALE","1997","136.18"
"","WHO_EURO","FEMALE","1998","135.71"
"","WHO_EURO","FEMALE","1999","135.08"
"","WHO_EURO","FEMALE","2000","134.61"
"","WHO_EURO","FEMALE","2001","132.9"
"","WHO_EURO","FEMALE","2002","131.86"
"","WHO_EURO","FEMALE","2003","131.15"
"","WHO_EURO","FEMALE","2004","129.68"
"","WHO_EURO","FEMALE","2005","128.41"
"","WHO_EURO","FEMALE","2006","126.94"
"","WHO_EURO","FEMALE","2007","125.89"
"","WHO_EURO","FEMALE","2008","126.27"
"","WHO_EURO","FEMALE","2009","121.22"
"","WHO_EURO","FEMALE","2010","120.21"
"","WHO_EURO","FEMALE","2011","119.6"
"","WHO_EURO","FEMALE","2012","119.07"
"","WHO_EURO","FEMALE","2013","117.95"
"","WHO_EURO","FEMALE","2014","117.26"
"","WHO_EURO","FEMALE","2015","116.49"
"","WHO_EURO","FEMALE","2016","115.53"
"","WHO_EURO","FEMALE","2017","115.57"
"","WHO_EURO","FEMALE","2018","114.57"
"","WHO_EURO","FEMALE","2019","112.92"
"","WHO_EURO","FEMALE","2020","117.47"

"Last update","2025.10.21 09:54:50 GMT"

"Copyright"
"© WHO Regional Office for Europe 2025. All rights reserved.","https://www.who.int/about/policies/publishing/copyright"
