Kraj,Country_Code,Year,Competition Policy,Governance and enterprise restructuring,Large scale privatisation,Price liberalisation,Small scale privatisation,Trade & Forex system,SDR_Malignant_Neoplasms,SDR_Malignant_Neoplasms_Male,SDR_Malignant_Neoplasms_Female,SDR_External_Causes,SDR_External_Causes_Male,SDR_External_Causes_Female,SDR_Alcohol_Related,SDR_Alcohol_Related_Male,SDR_Alcohol_Related_Female,SDR_Suicide,SDR_Suicide_Male,SDR_Suicide_Female,SDR_Ischaemic_Heart,SDR_Ischaemic_Heart_Male,SDR_Ischaemic_Heart_Female,SDR_Circulatory_System,SDR_Circulatory_System_Male,SDR_Circulatory_System_Female,Life_Expectancy,Life_Expectancy_Male,Life_Expectancy_Female,Civil_Society_Participation,Health_Equality,GDP_Per_Capita,Alcohol_Consumption,War,Gov_Expenditure,Employment_Rate,Public_Health_Expenditure,Private_Sector_Share_GDP,Inflation,Unemployment_Rate
Białoruś,BLR,1989,1.0,1.0,1.0,1.0,1.0,1.0,173.91,266.75,119.38,99.88,170.28,38.66,,,,22.57,40.12,7.91,363.44,488.14,290.49,567.98,720.58,475.33,71.83,66.79,76.4,,,11893,,0,,84.2,,,,
Białoruś,BLR,1990,1.0,1.0,1.0,1.0,1.0,1.0,176.56,267.89,122.31,103.4,175.8,40.61,,,,21.25,37.16,7.75,335.99,459.49,262.19,544.7,703.68,447.39,71.24,66.26,75.83,0.493,1.616,11467,,0,23.7875288683603,83.7,2.5,5.0,,
Białoruś,BLR,1991,1.0,1.0,1.0,1.0,1.0,1.0,178.39,273.34,121.68,111.8,188.12,45.22,124.21,208.85,52.06,21.98,38.9,7.74,325.59,456.41,246.5,541.2,715.51,433.32,70.68,65.57,75.5,0.51,1.616,11171,,0,22.2222222222222,81.9,,5.0,84.0,0.1
Białoruś,BLR,1992,1.0,1.0,1.0,2.3,1.0,1.0,184.46,282.36,125.92,123.78,210.97,46.91,135.54,231.82,52.59,24.5,43.13,8.44,325.33,456.27,245.29,535.24,704.57,428.16,70.36,65.07,75.45,0.626,1.616,9961,,0,15.2173913043478,79.8,,10.0,971.0,0.5
Białoruś,BLR,1993,2.0,1.0,1.7,2.3,2.0,1.0,182.77,284.29,120.3,135.75,232.06,52.01,148.63,254.37,58.3,29.0,52.21,9.2,378.14,533.77,282.34,607.85,810.83,480.04,69.21,63.82,74.6,0.626,1.616,9077,,0,18.4771573604061,78.6,,10.0,1190.0,1.4
Białoruś,BLR,1994,2.0,1.0,1.7,2.7,2.0,1.0,182.14,282.88,120.39,143.4,246.87,53.67,156.34,269.6,59.7,31.66,57.3,9.98,387.61,549.0,288.81,610.24,818.14,479.43,68.99,63.48,74.51,0.626,1.616,7932,,0,20.5136851570842,76.3,5.4,15.0,2221.0,2.1
Białoruś,BLR,1995,2.0,1.7,1.7,3.7,2.0,2.0,187.3,292.27,123.4,150.64,257.95,58.77,165.54,283.6,66.14,32.25,59.88,9.16,395.39,577.1,286.48,620.36,855.49,476.3,68.58,62.85,74.38,0.609,1.616,6994,,0,20.5497392980404,71.5,4.9,15.0,709.0,2.7
Białoruś,BLR,1996,2.0,1.7,1.0,3.7,2.0,2.0,180.34,283.48,117.77,155.7,269.96,58.97,170.6,295.86,65.94,36.44,68.98,9.43,487.52,551.68,420.28,710.27,826.57,608.06,68.61,63.35,73.9,0.448,1.616,7128,,0,20.5516083799436,70.8,5.0,15.0,53.0,3.9
Białoruś,BLR,1997,2.0,1.0,1.0,4.0,2.0,1.0,183.18,290.36,118.76,156.38,266.84,62.36,173.78,297.97,71.17,35.02,65.07,9.96,404.1,590.26,294.07,636.49,882.25,487.44,68.57,62.87,74.39,0.484,1.616,7885,,0,20.3219474961154,70.9,5.1,20.0,64.0,2.8
Białoruś,BLR,1998,2.0,1.0,1.0,2.7,2.0,1.0,182.44,287.83,119.58,167.0,286.96,64.74,185.98,321.11,74.46,35.11,65.99,9.36,416.43,608.02,302.8,652.92,905.01,499.93,68.55,62.71,74.56,0.485,1.616,8482,,0,19.8646749107398,71.5,4.9,20.0,73.0,2.3
Białoruś,BLR,1999,2.0,1.0,1.0,2.3,2.0,1.0,185.51,289.85,122.92,169.06,289.09,64.82,190.79,328.19,75.89,33.67,62.54,9.44,454.54,647.66,338.94,693.27,944.64,538.29,67.99,62.26,73.99,0.325,1.616,8690,,0,19.5036522690862,71.7,5.0,20.0,293.7,2.1
Białoruś,BLR,2000,2.0,1.0,1.0,2.3,2.0,1.7,180.27,282.76,118.34,156.29,267.09,60.81,177.15,304.41,71.77,34.14,64.39,8.58,430.92,615.14,320.37,658.07,897.73,509.59,68.99,63.39,74.76,0.288,1.616,9111,,0,19.4785302940726,71.5,5.0,20.0,168.6,2.1
Białoruś,BLR,2001,2.0,1.0,1.0,2.7,2.0,2.0,178.98,279.42,118.24,163.8,282.98,61.25,187.85,325.01,74.21,32.28,60.51,8.35,456.41,650.98,338.41,693.76,950.35,532.47,68.53,62.8,74.54,0.281,1.616,9462,,0,21.5527682668344,70.9,,20.0,61.4,2.3
Białoruś,BLR,2002,2.0,1.0,1.0,2.7,2.0,2.3,176.18,277.95,115.11,167.92,289.08,64.99,,,,32.09,59.43,8.91,461.76,676.89,333.26,706.89,990.67,531.54,68.01,62.27,74.13,0.281,1.616,9870,,0,21.0292941775096,70.0,,25.0,42.6,3.0
Białoruś,BLR,2003,2.0,1.0,1.0,2.7,2.3,2.3,169.47,269.48,110.14,161.6,279.76,61.83,,,,33.34,62.19,9.07,456.26,678.4,324.78,693.48,987.94,514.34,68.53,62.7,74.69,0.281,1.616,10493,,0,21.3793046864744,68.9,,25.0,28.5,3.1
Białoruś,BLR,2004,2.0,1.0,1.0,2.7,2.3,2.3,170.51,269.42,112.31,162.18,279.97,64.35,,,,31.56,59.44,8.1,424.72,631.4,307.42,671.67,966.86,494.99,68.97,63.2,75.01,0.281,1.616,11616,,0,20.6031789213431,68.1,,25.0,19.3,
Białoruś,BLR,2005,2.0,1.0,1.0,2.7,2.3,2.3,147.95,210.67,111.52,165.62,288.45,63.26,,,,28.95,53.95,7.82,,693.58,,691.15,995.65,508.46,68.84,62.92,75.11,0.281,1.616,12630,,0,20.785312392899,69.2,,,,
Białoruś,BLR,2006,2.0,1.0,1.0,2.7,2.3,2.3,,,,,,,,,,,,,,,,,,,,,,0.281,1.616,13793,,0,19.2073624585262,70.0,,,,
Białoruś,BLR,2007,2.0,1.0,1.0,2.7,2.3,2.3,161.99,254.28,107.99,138.72,240.01,53.52,,,,25.26,46.56,7.61,396.49,604.91,276.16,590.18,864.0,427.37,70.38,64.62,76.25,0.281,1.616,14857,,0,18.5231764837859,70.8,,,,
Białoruś,BLR,2008,2.0,1.7,1.7,2.7,2.3,2.3,163.29,256.12,108.56,138.38,242.09,51.57,,,,25.14,45.96,8.04,400.8,617.23,275.17,586.92,873.06,417.02,70.58,64.7,76.6,0.281,1.616,16224,,0,16.5249771170222,72.6,,,,
Białoruś,BLR,2009,2.0,1.7,1.7,3.0,2.3,2.3,160.63,254.43,104.25,133.33,232.8,50.77,,,,25.83,46.85,8.45,414.81,642.21,283.65,600.83,892.73,427.56,70.62,64.81,76.57,0.281,1.616,16089,,0,16.1000708699266,73.5,,,,
Białoruś,BLR,2010,2.0,1.7,1.7,3.3,2.3,2.3,161.48,252.62,107.75,138.32,242.14,51.74,,,,23.59,43.83,6.7,422.24,651.69,287.06,604.48,900.9,425.86,70.52,64.63,76.6,0.267,2.087,17172,,0,16.0213954939935,74.9,,,,
Białoruś,BLR,2011,2.0,1.7,1.7,3.0,2.3,2.0,158.45,248.01,105.06,130.38,228.78,48.29,,,,20.89,38.4,6.44,396.77,625.37,263.58,571.15,867.95,394.03,70.77,64.76,76.97,0.267,2.087,17918,,0,13.4483555468763,75.3,,,,
Białoruś,BLR,2012,2.0,1.7,1.7,3.0,2.3,2.3,,,,,,,,,,,,,,,,,,,,,,0.267,2.087,18251,,0,13.5666972902762,74.7,,,,
Białoruś,BLR,2013,2.0,1.7,1.7,3.0,2.3,2.3,149.01,228.4,101.38,100.18,175.68,37.53,,,,18.16,33.67,5.53,371.36,571.41,255.63,520.26,781.0,366.65,72.8,67.31,78.1,0.266,2.366,18464,,0,13.4298113058447,74.8,,,,
Białoruś,BLR,2014,2.0,1.7,1.7,3.0,2.3,2.3,147.44,229.99,98.2,92.53,161.8,34.72,,,,16.63,31.38,4.69,375.97,579.69,257.97,522.17,781.81,368.81,73.37,67.86,78.65,0.266,2.366,18822,,0,13.7542695534472,74.9,,,,
Bułgaria,BGR,1989,1.0,1.0,1.0,1.0,1.0,1.0,156.38,199.65,119.08,61.88,97.88,28.13,122.13,196.56,52.48,15.63,23.82,8.39,222.77,276.86,175.53,694.33,808.77,595.24,71.47,68.29,74.88,0.059,2.539,9908,11.4,0,16.5346949913086,81.5,,,10.0,
Bułgaria,BGR,1990,1.0,1.0,1.0,1.0,1.0,2.0,152.43,195.15,116.13,60.85,97.1,26.82,119.47,194.66,49.22,14.07,20.9,7.94,230.09,287.71,179.99,691.38,812.95,586.38,71.48,68.25,74.94,0.766,1.45,8922,11.5,0,18.1865848876199,77.9,,10.0,72.5,
Bułgaria,BGR,1991,2.0,1.0,1.0,4.3,1.0,3.0,155.44,198.08,119.35,56.48,87.8,27.24,109.31,172.36,50.64,14.55,22.83,7.27,231.84,288.65,182.6,699.24,818.15,597.02,71.45,68.37,74.73,0.766,1.45,8320,9.5,0,19.033161385409,68.3,6.4,15.0,333.5,11.1
Bułgaria,BGR,1992,2.0,1.0,1.7,4.3,1.0,3.0,158.43,202.96,120.92,66.57,106.08,29.67,124.58,201.91,52.59,16.63,26.0,8.24,218.82,276.97,168.82,677.88,804.36,569.2,71.19,67.84,74.79,0.766,1.45,7846,10.2,0,20.3361553784861,63.3,5.7,25.0,82.0,15.3
Bułgaria,BGR,1993,2.0,1.0,2.0,4.3,1.7,3.0,158.37,204.52,119.57,63.11,101.81,26.71,122.27,201.76,48.01,16.0,23.89,8.83,237.78,304.59,180.09,705.75,849.7,582.26,71.15,67.55,75.05,0.766,1.45,7959,9.9,0,18.8558046169287,58.3,5.1,35.0,73.0,16.4
Bułgaria,BGR,1994,2.0,2.0,2.0,4.0,2.0,4.0,163.62,212.58,122.09,66.8,107.42,28.72,130.2,213.47,52.5,15.86,24.35,8.37,231.38,295.66,175.97,706.41,846.18,586.47,70.84,67.22,74.76,0.766,1.45,8212,9.7,0,17.1893074581431,56.7,4.2,40.0,96.3,12.8
Bułgaria,BGR,1995,2.0,2.0,2.0,2.7,3.0,4.0,161.58,208.16,122.48,62.66,100.95,26.79,124.09,204.66,49.19,15.49,23.65,8.17,234.78,305.67,174.79,725.58,871.49,601.05,70.99,67.4,74.88,0.766,1.45,8567,9.5,0,15.3481641512703,58.3,3.5,45.0,62.0,11.1
Bułgaria,BGR,1996,2.0,2.0,2.0,2.7,3.0,4.0,161.26,206.76,123.15,61.02,98.57,26.42,118.15,194.76,47.85,16.65,26.26,8.2,223.61,286.57,170.88,748.55,890.81,628.41,70.94,67.49,74.64,0.766,1.45,7901,9.2,0,13.8490054815903,60.0,2.9,45.0,123.0,12.5
Bułgaria,BGR,1997,2.3,2.3,3.0,4.0,3.0,4.0,160.64,206.37,122.88,57.46,90.34,27.28,111.86,180.85,48.98,15.81,23.55,9.09,238.82,307.17,181.61,814.1,971.39,683.24,70.28,66.97,73.81,0.766,1.45,7927,8.1,0,12.1431675540765,59.9,2.8,50.0,1082.0,13.7
Bułgaria,BGR,1998,2.3,2.3,3.0,4.0,3.0,4.0,158.03,206.49,118.48,56.73,90.79,25.53,81.76,135.07,33.6,16.37,25.27,8.7,232.9,297.07,179.57,813.14,972.36,681.38,70.93,67.44,74.66,0.729,1.45,8322,7.9,0,18.3452571005378,59.4,3.4,65.0,22.3,12.2
Bułgaria,BGR,1999,2.3,2.3,3.0,4.0,3.3,4.3,157.77,203.2,120.67,52.21,83.15,23.89,73.61,120.54,31.34,14.12,22.69,6.7,206.89,264.45,159.35,718.83,852.1,607.48,71.66,68.36,75.12,0.729,1.45,7922,7.7,0,19.6065030074748,56.3,3.3,70.0,0.7,14.1
Bułgaria,BGR,2000,2.3,2.3,3.7,4.0,3.7,4.3,150.06,191.77,116.43,52.38,82.59,24.62,74.96,122.41,32.28,15.0,23.62,7.39,193.55,246.92,148.89,737.07,876.73,620.19,71.71,68.48,75.08,0.729,1.45,8411,9.0,0,19.7851119720333,54.7,3.3,70.0,9.9,17.9
Bułgaria,BGR,2001,2.3,2.3,3.7,4.3,3.7,4.3,152.09,199.59,114.25,50.03,80.57,22.01,72.15,119.64,29.42,14.25,22.45,7.04,190.03,243.91,145.37,710.47,854.15,591.2,71.91,68.55,75.44,0.729,1.45,8832,9.3,0,19.368455899514,53.7,3.0,70.0,7.4,17.3
Bułgaria,BGR,2002,2.3,2.3,3.7,4.3,3.7,4.3,154.84,202.12,116.93,48.84,78.09,22.1,70.03,114.61,29.95,14.27,23.2,6.52,196.67,253.68,150.39,722.9,872.22,600.7,72.16,68.86,75.61,0.729,1.45,9472,9.2,0,19.178153843914,55.5,3.1,70.0,5.9,17.8
Bułgaria,BGR,2003,2.3,2.7,3.7,4.3,3.7,4.3,152.48,202.29,112.57,46.25,73.5,21.19,66.11,108.78,27.6,11.94,19.08,5.76,183.97,240.43,137.92,713.01,867.99,586.99,72.39,68.97,75.97,0.729,1.45,10081,9.5,0,20.1105898204731,57.5,,75.0,2.3,12.7
Bułgaria,BGR,2004,2.3,2.7,4.0,4.3,3.7,4.3,156.53,208.76,115.44,45.03,72.68,19.67,66.86,111.27,27.05,11.02,17.72,5.2,171.57,225.4,127.49,685.35,840.52,559.95,72.6,69.08,76.27,0.729,1.45,10854,9.8,0,19.3619098932735,59.4,,75.0,6.0,
Bułgaria,BGR,2005,2.7,2.7,4.0,4.3,3.7,4.3,171.0,225.48,128.61,44.97,72.57,19.7,69.99,117.86,27.24,10.66,17.0,5.1,163.14,219.47,117.31,677.39,833.22,551.35,72.59,69.05,76.3,0.729,1.45,11758,9.6,0,18.1535666491695,60.7,,,,
Bułgaria,BGR,2006,2.7,2.7,4.0,4.3,4.0,4.3,168.34,224.45,124.24,44.89,73.13,18.98,67.68,113.37,26.81,10.48,17.7,4.29,147.87,202.54,104.14,665.64,821.75,540.76,72.76,69.27,76.4,0.729,1.45,12706,10.0,0,18.1469405300315,63.8,,,,
Bułgaria,BGR,2007,2.7,2.7,4.0,4.3,4.0,4.3,170.35,226.4,126.52,43.39,69.7,19.36,68.21,113.92,27.56,9.51,15.26,4.66,135.42,187.52,93.8,645.73,795.93,526.03,73.07,69.55,76.72,0.729,1.45,13785,10.4,0,16.6883257645924,67.2,,,,
Bułgaria,BGR,2008,3.0,2.7,4.0,4.3,4.0,4.3,171.59,229.56,126.88,44.88,73.07,18.86,70.32,119.67,26.27,10.07,16.34,4.63,126.03,174.08,87.64,611.28,751.4,499.56,73.41,69.84,77.11,0.729,1.45,14762,10.5,0,17.1498257945905,70.1,,,,
Bułgaria,BGR,2009,3.0,2.7,4.0,4.3,4.0,4.3,161.16,217.68,117.78,39.23,63.68,16.66,62.92,105.79,24.51,9.35,15.56,3.93,116.12,158.55,81.69,604.92,745.06,492.04,73.77,70.17,77.47,0.768,1.45,14363,10.1,0,16.7393574315573,68.7,,,,
Bułgaria,BGR,2010,3.0,2.7,4.0,4.3,4.0,4.3,156.38,211.94,114.31,34.96,57.14,14.79,56.96,95.81,22.47,9.26,15.32,4.03,114.26,156.31,80.8,621.69,771.25,503.67,73.81,70.3,77.41,0.792,1.45,14686,10.2,0,16.5024385412597,74.0,,,,
Bułgaria,BGR,2011,3.0,2.7,4.0,4.3,4.0,4.3,156.91,210.13,116.8,32.46,52.94,13.64,54.46,92.72,20.36,8.55,14.57,3.11,106.46,146.96,74.03,595.99,738.61,481.27,74.23,70.73,77.83,0.811,1.45,15112,10.5,0,15.849987567536,66.4,,,,
Bułgaria,BGR,2012,3.0,2.7,4.0,4.3,4.0,4.3,166.99,224.13,123.55,34.91,56.92,14.55,58.51,98.43,22.5,9.54,15.87,3.92,113.88,154.18,81.44,574.47,705.48,469.11,74.44,70.99,78.0,0.814,1.45,15204,10.5,0,15.790962526113,66.6,,,,
Bułgaria,BGR,2013,3.0,2.7,4.0,4.3,4.0,4.3,164.69,226.34,118.03,31.72,52.76,12.28,54.51,92.9,20.05,7.95,13.52,2.99,103.53,143.81,71.22,541.11,676.31,432.76,74.96,71.38,78.67,0.8,1.45,15420,10.5,0,17.0826070059115,67.6,,,,
Bułgaria,BGR,2014,3.0,2.7,4.0,4.3,4.0,4.3,163.39,218.6,122.23,33.7,53.78,14.94,57.62,96.29,22.63,7.79,13.0,3.17,102.94,140.86,71.96,564.56,701.63,455.12,74.57,71.14,78.1,0.821,1.45,15711,9.9,0,16.833076863621,69.6,,,,
Czechy,CZE,1989,1.0,1.0,1.0,1.0,1.0,1.0,255.5,353.81,188.1,79.03,104.53,54.09,133.24,193.22,79.07,18.27,28.86,9.56,303.35,419.18,220.61,644.08,815.48,523.44,71.8,68.15,75.48,0.123,3.242,14027,10.5,0,,86.9,4.2,,1.5,
Czechy,CZE,1990,1.0,1.0,1.0,1.0,1.0,1.0,258.59,358.67,189.24,84.82,117.45,54.13,144.29,217.04,78.68,19.07,30.67,9.6,310.98,439.13,219.87,645.01,834.23,512.55,71.52,67.63,75.54,0.755,3.242,14178,11.3,0,21.7405721839044,85.7,4.9,10.0,18.4,
Czechy,CZE,1991,2.0,2.0,1.0,4.0,3.0,3.0,257.05,354.33,190.49,82.23,112.88,53.42,140.07,207.8,78.91,18.23,29.33,8.95,298.46,413.81,215.98,615.65,791.68,492.19,72.06,68.3,75.86,0.755,3.242,12725,11.5,0,21.3948800244071,77.4,5.0,15.0,56.6,4.1
Czechy,CZE,1992,2.0,2.0,2.0,4.0,4.0,4.0,254.31,352.08,186.57,80.87,114.64,49.7,138.37,209.27,75.15,18.79,30.87,8.63,283.2,401.96,199.48,590.26,765.42,468.61,72.43,68.58,76.31,0.755,3.242,12810,11.8,0,20.4112133651643,74.7,5.2,30.0,11.1,2.6
Czechy,CZE,1993,2.7,3.0,3.0,4.0,4.0,4.0,252.53,342.91,190.07,78.43,109.34,48.98,132.33,197.38,73.11,18.09,29.23,8.59,276.57,383.3,201.03,576.26,729.5,468.0,72.94,69.33,76.52,0.755,3.242,12974,11.5,0,20.7676705142328,75.7,6.8,45.0,20.8,3.5
Czechy,CZE,1994,2.7,3.0,4.0,4.0,4.0,4.0,251.48,345.18,186.37,78.08,106.81,50.29,101.25,146.22,60.18,17.28,27.31,8.79,265.93,364.2,195.21,561.35,707.27,456.86,73.15,69.54,76.73,0.755,3.242,13518,11.6,0,21.0540159916866,75.8,6.9,65.0,10.0,3.2
Czechy,CZE,1995,2.7,3.0,4.0,4.0,4.0,4.0,252.19,343.57,189.94,76.85,106.38,47.92,100.06,145.71,57.9,16.06,25.79,7.47,259.86,355.4,191.91,559.62,708.14,454.88,73.3,69.76,76.8,0.755,3.242,14550,11.5,0,20.0544168261703,75.8,6.8,70.0,9.1,2.9
Czechy,CZE,1996,2.7,3.0,4.0,4.0,4.3,4.3,243.38,337.19,178.8,70.08,99.53,42.36,92.66,137.61,52.05,14.33,24.08,5.92,235.22,318.1,174.22,529.74,666.33,430.64,74.02,70.45,77.54,0.755,3.242,15386,11.6,0,19.3347010359913,75.4,6.6,75.0,8.8,3.5
Czechy,CZE,1997,2.7,3.0,4.0,4.3,4.3,4.3,241.5,330.59,179.48,70.6,102.42,40.45,93.7,141.02,50.62,15.24,25.85,6.0,218.06,298.48,160.45,525.85,660.92,428.26,74.13,70.58,77.63,0.755,3.242,15494,11.9,0,19.9388828721216,74.5,6.5,75.0,8.5,5.2
Czechy,CZE,1998,2.7,3.0,4.0,4.3,4.3,4.3,238.56,328.69,177.33,62.5,91.86,35.22,87.17,132.5,46.3,14.63,24.68,5.71,198.54,274.33,143.49,495.75,615.81,407.41,74.74,71.23,78.18,0.755,3.242,15657,11.8,0,18.8941409499079,73.1,6.5,75.0,10.7,6.5
Czechy,CZE,1999,2.7,3.0,4.0,4.3,4.3,4.3,237.07,320.17,179.1,61.45,90.81,34.11,84.63,129.15,44.32,14.45,25.03,5.32,199.31,270.23,146.89,487.17,602.83,401.45,74.94,71.52,78.28,0.755,3.242,16103,11.9,0,19.757726786561,71.3,6.5,80.0,2.1,9.4
Czechy,CZE,2000,2.7,3.3,4.0,4.3,4.3,4.3,237.83,325.26,177.37,62.35,92.96,34.17,85.76,131.34,44.9,14.76,24.9,5.78,187.04,255.95,136.97,462.52,576.89,378.98,75.21,71.75,78.6,0.789,3.242,17056,11.8,0,19.4170938033921,70.7,6.5,80.0,3.9,8.8
Czechy,CZE,2001,2.7,3.3,4.0,4.3,4.3,4.3,233.01,314.18,177.56,60.48,89.76,33.6,83.85,128.16,44.09,14.44,24.76,5.38,183.09,250.84,134.78,456.72,563.54,379.17,75.49,72.18,78.7,0.789,3.242,17869,11.8,0,19.3811560078933,70.7,6.7,80.0,4.7,8.9
Czechy,CZE,2002,3.0,3.3,4.0,4.3,4.3,4.3,233.75,321.72,174.0,60.48,91.38,32.81,83.96,129.72,43.58,13.71,23.27,5.28,179.19,242.53,133.85,455.98,560.6,379.49,75.51,72.15,78.78,0.789,3.242,18431,11.9,0,20.8524714305893,71.3,6.4,80.0,1.8,9.8
Czechy,CZE,2003,3.0,3.3,4.0,4.3,4.3,4.3,234.22,319.6,176.22,64.22,96.25,35.38,89.74,138.14,46.93,15.29,26.19,5.76,176.09,237.54,132.4,461.88,568.54,384.4,75.4,72.09,78.64,0.789,3.242,19344,12.1,0,21.8439804927084,70.8,,80.0,0.1,10.3
Czechy,CZE,2004,3.0,3.3,4.0,4.3,4.3,4.3,230.01,313.87,172.03,60.73,89.02,34.03,84.83,128.74,44.92,14.02,24.29,4.73,163.6,220.11,122.6,430.53,530.92,356.93,75.96,72.62,79.23,0.789,3.242,20555,11.5,0,20.5929702825042,70.4,,80.0,2.8,
Czechy,CZE,2005,3.0,3.3,4.0,4.3,4.3,4.3,217.46,294.61,164.85,55.02,82.82,29.34,80.96,125.42,41.22,13.81,23.75,4.8,177.51,231.31,137.88,419.02,508.12,351.08,76.18,72.97,79.31,0.789,3.242,22129,12.0,0,20.2989636894468,71.3,,,,
Czechy,CZE,2006,3.0,3.3,4.0,4.3,4.3,4.3,212.59,284.14,163.15,50.46,78.1,25.53,74.53,116.94,36.72,12.22,21.07,4.18,168.91,223.26,129.15,386.33,477.84,318.18,76.82,73.55,79.99,0.789,3.242,23888,11.9,0,19.9326846921976,72.2,,,,
Czechy,CZE,2007,3.0,3.3,4.0,4.3,4.3,4.3,204.17,274.3,154.76,51.66,78.73,26.31,76.1,118.07,37.98,11.9,20.83,3.61,185.71,239.1,145.8,370.66,453.69,306.82,77.1,73.82,80.29,0.789,3.242,25383,12.1,0,19.135597434962,73.5,,,,
Czechy,CZE,2008,,,,,,,200.87,269.09,152.91,50.12,76.9,25.58,74.86,116.2,37.64,11.79,20.2,4.16,176.13,227.26,137.39,355.6,437.06,292.28,77.42,74.16,80.6,0.789,3.242,26186,12.1,0,19.1552133910447,74.5,,,,
Czechy,CZE,2009,,,,,,,197.4,265.78,148.4,48.21,75.22,23.84,71.27,111.6,35.28,12.4,21.81,3.73,170.12,218.29,133.58,356.99,435.99,296.18,77.5,74.34,80.59,0.789,3.242,25094,12.1,0,20.7176267676761,73.6,,,,
Czechy,CZE,2010,,,,,,,195.59,263.39,147.49,48.07,74.75,23.41,71.18,111.4,34.72,12.77,22.08,4.15,161.82,213.33,123.22,344.14,424.41,282.38,77.81,74.58,80.97,0.792,3.242,25922,11.4,0,20.3296245529329,73.6,,,,
Czechy,CZE,2011,,,,,,,186.71,246.3,144.35,47.17,73.15,23.4,69.71,108.63,34.61,13.57,23.62,4.09,167.81,219.86,128.43,331.47,412.89,268.14,78.06,74.87,81.18,0.792,3.242,26725,11.5,0,19.6370766392657,74.4,,,,
Czechy,CZE,2012,,,,,,,183.81,240.29,143.26,45.71,70.88,22.58,68.17,106.5,33.51,13.79,23.91,4.34,164.37,214.86,126.15,325.05,403.12,264.03,78.24,75.14,81.27,0.792,3.242,26474,11.6,0,19.3133426541368,75.4,,,,
Czechy,CZE,2013,,,,,,,178.8,235.1,138.51,43.46,67.35,21.43,65.91,102.4,32.77,13.42,22.8,4.64,166.67,217.69,127.97,309.72,384.7,250.96,78.4,75.31,81.43,0.785,3.242,26338,11.5,0,19.5991807169614,76.9,,,,
Czechy,CZE,2014,,,,,,,175.04,229.29,136.01,43.31,66.62,22.0,64.85,99.7,33.32,12.49,20.92,4.55,151.43,198.81,114.74,284.47,355.46,228.1,79.02,75.91,82.06,0.774,3.242,27024,11.9,0,19.1899663567148,78.3,,,,
Estonia,EST,1989,1.0,1.0,1.0,1.0,1.0,1.0,201.34,292.85,148.69,112.17,182.14,53.26,121.99,199.68,58.05,26.06,41.39,13.57,429.82,586.04,340.26,673.16,864.34,560.64,70.59,65.79,74.97,,,18779,,0,,87.9,,,,
Estonia,EST,1990,1.0,1.0,1.0,2.3,1.0,1.0,195.93,285.82,143.67,130.87,219.87,54.15,141.7,240.47,58.56,27.59,44.96,13.11,432.45,608.46,333.91,693.77,926.31,557.63,69.94,64.68,74.96,0.806,1.991,17247,9.8,0,,86.9,,10.0,,
Estonia,EST,1991,1.0,1.0,1.0,2.7,1.0,2.0,215.12,317.07,156.08,140.76,237.36,56.99,155.19,266.5,63.41,27.15,45.89,11.73,411.49,573.61,316.1,665.39,874.44,538.74,69.79,64.44,74.99,0.842,1.991,15351,9.1,0,,85.5,,,210.5,
Estonia,EST,1992,1.0,2.0,1.0,2.7,2.0,3.0,204.83,304.11,147.23,152.44,259.46,59.91,164.36,286.34,63.53,32.44,55.16,13.74,407.18,590.66,302.67,682.91,928.27,539.56,69.19,63.51,74.81,0.852,1.991,13214,7.8,0,,82.4,,,1076.0,
Estonia,EST,1993,2.0,3.0,2.0,4.3,3.0,3.0,211.37,315.27,153.35,183.02,313.23,70.48,199.69,349.16,77.8,38.45,67.27,14.31,435.24,610.93,327.91,711.61,943.81,566.7,68.14,62.38,73.98,0.802,1.991,12207,8.1,0,20.589993492235,77.8,,25.0,89.8,6.5
Estonia,EST,1994,2.0,3.0,3.0,4.3,4.0,4.0,203.64,296.67,150.13,238.33,395.31,104.69,260.11,435.08,113.92,41.63,75.15,13.79,447.95,644.77,331.46,727.86,983.51,570.63,66.76,60.78,73.02,0.802,1.991,12070,8.2,0,23.2656162159609,76.7,,40.0,47.7,7.6
Estonia,EST,1995,2.0,3.0,4.0,4.3,4.0,4.0,203.41,311.21,141.6,198.59,343.72,75.37,221.58,380.18,88.67,40.82,72.22,14.79,414.36,591.16,308.67,682.88,926.09,529.4,67.79,61.52,74.34,0.802,1.991,12881,8.3,0,24.5714517349853,73.2,5.4,55.0,29.0,9.7
Estonia,EST,1996,2.0,3.0,4.0,4.3,4.3,4.0,203.97,300.43,150.92,160.2,275.87,63.49,179.93,312.28,71.95,38.25,68.86,12.96,378.94,534.99,286.59,622.95,843.27,489.96,70.0,64.29,75.62,0.782,1.991,13548,8.0,0,22.6162441541643,72.6,5.2,65.0,23.1,10.0
Estonia,EST,1997,2.0,3.0,4.0,4.3,4.3,4.0,206.0,303.94,149.87,160.07,277.19,60.29,181.86,314.92,71.02,36.45,67.98,10.65,347.7,494.36,263.86,590.47,790.41,466.81,70.19,64.38,75.91,0.782,1.991,15075,8.3,0,20.4062670429621,73.1,5.1,70.0,11.2,9.6
Estonia,EST,1998,2.0,3.0,4.0,4.3,4.3,4.0,208.62,314.78,148.8,162.52,280.02,63.87,188.3,326.06,76.08,33.36,61.95,9.74,374.26,531.44,281.1,619.23,825.23,490.26,69.79,64.12,75.42,0.782,1.991,15593,8.0,0,20.6976037907385,72.4,5.2,70.0,8.1,9.8
Estonia,EST,1999,2.7,3.0,4.0,4.3,4.3,4.0,196.89,289.67,147.43,153.26,265.03,59.84,176.14,304.28,71.26,32.54,59.88,10.61,345.39,502.3,257.38,583.47,808.86,450.01,70.64,64.99,76.15,0.782,1.991,15335,8.9,0,21.9265522595976,69.4,4.5,75.0,3.3,12.2
Estonia,EST,2000,2.7,3.0,4.0,4.3,4.3,4.3,198.52,292.99,148.46,137.53,233.53,56.51,161.85,274.5,68.67,25.52,44.29,9.97,329.77,456.31,254.6,558.53,746.55,440.38,71.3,65.95,76.5,0.782,1.991,16807,9.0,0,19.5619806388734,66.8,4.3,75.0,4.0,13.6
Estonia,EST,2001,3.0,3.3,4.0,4.3,4.3,4.3,193.54,289.13,141.36,155.97,265.12,62.71,187.68,312.58,82.97,27.47,48.04,9.38,324.78,477.85,236.44,552.68,758.69,425.04,71.03,65.4,76.62,0.782,1.991,17697,10.1,0,18.6429936241419,67.7,4.2,75.0,5.8,12.6
Estonia,EST,2002,3.0,3.3,4.0,4.3,4.3,4.3,197.02,296.75,142.05,136.31,234.32,52.8,167.51,286.08,68.98,25.44,45.63,8.47,317.32,450.18,236.47,550.3,736.28,427.77,71.52,65.74,77.3,0.782,1.991,18589,12.0,0,18.1712736950047,68.8,,80.0,3.6,10.3
Estonia,EST,2003,3.0,3.3,4.0,4.3,4.3,4.3,191.14,290.66,136.3,125.5,217.31,48.5,161.17,272.46,69.01,23.22,41.98,7.52,307.56,437.12,229.66,542.91,739.15,421.02,72.02,66.55,77.35,0.811,1.991,19772,11.8,0,17.8422111254822,69.8,,80.0,1.3,10.0
Estonia,EST,2004,3.3,3.3,4.0,4.3,4.3,4.3,195.0,299.3,139.92,121.03,211.94,42.99,157.86,272.42,61.68,22.39,40.57,7.01,278.11,407.08,200.81,508.27,694.3,388.14,72.5,66.84,78.07,0.811,1.991,20804,11.5,0,17.3707687385367,69.8,,80.0,3.5,
Estonia,EST,2005,3.3,3.7,4.0,4.3,4.3,4.3,193.96,302.42,135.41,113.06,192.0,45.41,154.08,258.91,67.5,18.55,33.46,5.77,261.04,382.96,190.21,492.18,681.97,373.58,73.08,67.64,78.32,0.811,1.991,22519,13.0,0,16.8521596602407,72.2,,,,
Estonia,EST,2006,3.7,3.7,4.0,4.3,4.3,4.3,196.05,296.94,142.24,110.69,189.22,43.32,147.64,249.14,63.06,16.13,28.31,5.7,251.04,373.29,181.97,480.3,681.54,357.41,73.28,67.7,78.7,0.811,2.361,24579,13.4,0,15.8323866569136,76.7,,,,
Estonia,EST,2007,3.7,3.7,4.0,4.3,4.3,4.3,190.18,293.78,133.08,109.33,192.6,38.31,155.11,267.11,61.93,16.75,31.34,4.8,234.55,346.74,168.76,459.95,650.73,341.2,73.33,67.57,78.98,0.811,2.361,26178,14.8,0,15.8991591535824,78.0,,,,
Estonia,EST,2008,3.7,3.7,4.0,4.3,4.3,4.3,187.67,284.68,134.82,92.42,161.0,34.61,133.87,229.85,55.6,16.51,28.7,6.28,223.04,328.2,162.28,448.15,628.18,335.51,74.44,68.97,79.63,0.841,2.361,24429,14.2,0,18.436466577074,78.4,,,,
Estonia,EST,2009,3.7,3.7,4.0,4.3,4.3,4.3,184.71,280.68,134.95,87.64,151.98,32.62,118.86,205.49,47.44,18.25,33.39,5.34,203.78,297.06,149.79,421.0,583.53,318.63,75.38,70.05,80.36,0.841,2.361,20538,11.9,0,20.5332841041619,71.7,,,,
Estonia,EST,2010,3.7,3.7,4.0,4.3,4.3,4.3,182.65,284.56,128.36,76.56,131.88,29.01,106.8,181.62,44.71,14.88,26.93,4.52,197.79,291.71,143.43,405.21,560.63,309.17,76.11,70.92,80.85,0.867,2.774,20713,11.4,0,19.5616522470917,69.4,,,,
Estonia,EST,2011,3.7,3.7,4.0,4.3,4.3,4.3,183.84,276.28,134.44,77.8,134.34,28.22,106.19,181.96,41.84,14.36,26.33,4.55,172.79,252.22,123.49,365.98,502.86,277.53,76.69,71.49,81.44,0.867,2.774,21997,12.0,0,18.2949896179378,74.6,,,,
Estonia,EST,2012,3.7,3.7,4.0,4.3,4.3,4.3,182.48,277.01,132.58,80.05,138.73,28.61,108.64,185.04,43.99,15.51,28.43,4.55,169.73,255.87,117.91,360.24,501.03,269.25,76.75,71.48,81.62,0.867,2.774,23026,12.1,0,18.0242576821827,77.0,,,,
Estonia,EST,2013,3.7,3.7,4.0,4.3,4.3,4.3,178.88,271.94,129.21,67.8,115.41,26.87,94.18,159.46,39.7,14.17,25.73,4.71,147.78,213.41,106.81,349.69,462.28,272.52,77.43,72.63,81.73,0.864,2.774,23436,11.9,0,18.3991728743446,78.8,,,,
Estonia,EST,2014,3.7,3.7,4.0,4.3,4.3,4.3,184.19,276.61,134.83,66.21,114.15,24.69,94.03,163.0,36.15,16.33,29.13,5.5,138.04,207.7,95.09,338.18,462.45,256.44,77.47,72.43,82.05,0.857,2.774,24146,11.1,0,18.4390132763221,80.1,,,,
Kazachstan,KAZ,1989,1.0,1.0,1.0,1.0,1.0,1.0,214.28,319.02,153.82,111.61,181.94,50.22,,,,23.91,39.47,10.96,300.93,404.87,238.13,601.46,758.62,510.0,68.77,63.93,73.27,,,12153,,0,,82.6,,,,
Kazachstan,KAZ,1990,1.0,1.0,1.0,1.0,1.0,1.0,215.2,317.84,154.28,114.65,185.86,52.08,,,,22.85,37.53,10.67,306.84,421.98,238.51,596.94,765.77,498.69,68.8,63.9,73.4,0.339,2.112,11888,,0,,81.4,3.3,5.0,,
Kazachstan,KAZ,1991,1.0,1.0,1.0,1.0,1.0,1.0,214.6,319.36,151.72,117.89,192.72,51.61,224.47,361.4,109.52,21.46,35.79,9.3,314.79,431.6,246.07,619.49,790.04,520.56,68.37,63.39,73.13,0.339,2.112,10557,,0,,79.9,4.4,5.0,79.0,0.0
Kazachstan,KAZ,1992,1.0,1.0,1.0,2.7,2.0,1.0,210.47,312.3,149.87,121.69,198.06,54.0,223.78,357.27,110.48,23.01,37.82,10.35,329.27,457.33,254.41,622.88,800.05,519.38,68.23,63.31,72.97,0.376,2.112,10013,,0,18.2006633499171,78.0,2.1,10.0,1381.0,0.5
Kazachstan,KAZ,1993,1.0,1.0,2.0,2.7,2.0,2.0,205.95,304.55,145.92,147.14,240.97,64.2,236.01,378.3,115.24,27.26,46.65,10.8,365.03,500.42,282.4,699.66,896.96,579.83,66.38,61.23,71.6,0.402,2.112,9174,,0,13.8969041331471,71.2,2.5,10.0,1662.0,0.6
Kazachstan,KAZ,1994,2.0,1.0,2.0,2.7,2.3,2.0,204.67,305.72,145.08,139.54,231.77,58.96,221.78,360.63,106.12,28.06,49.64,10.29,416.27,582.1,322.6,787.55,1028.16,652.66,65.9,60.85,71.07,0.402,2.112,8179,,0,10.6817786812157,68.2,2.0,20.0,1892.0,1.7
Kazachstan,KAZ,1995,2.0,1.0,2.0,4.0,3.0,3.0,203.12,296.98,146.25,159.88,264.48,68.06,248.42,400.08,119.16,33.33,59.57,10.75,419.17,582.29,318.8,797.93,1039.97,651.37,64.65,59.28,70.38,0.402,1.177,7674,,0,13.5820901409006,69.1,2.0,25.0,176.0,0.8
Kazachstan,KAZ,1996,2.0,2.0,3.0,4.0,3.3,4.0,201.09,290.82,145.9,165.91,272.48,72.16,256.3,410.52,124.55,34.61,62.24,10.8,438.13,611.16,333.19,811.9,1062.16,658.3,64.39,58.93,70.33,0.402,1.177,7827,,0,12.9111452398683,69.5,2.7,40.0,39.1,3.6
Kazachstan,KAZ,1997,2.0,2.0,3.0,4.0,4.0,4.0,197.05,283.06,145.63,156.31,256.01,68.4,241.63,385.75,118.34,33.78,60.77,10.37,406.29,570.3,306.68,786.9,1030.93,637.94,64.81,59.43,70.58,0.402,1.177,8094,,0,12.3806732978798,69.8,,55.0,17.4,4.1
Kazachstan,KAZ,1998,2.0,2.0,3.0,4.0,4.0,4.0,198.59,287.39,145.35,156.57,262.85,65.66,243.61,399.56,114.61,32.77,59.61,10.34,404.68,587.09,298.34,801.22,1074.27,640.59,65.0,59.43,70.94,0.429,1.177,8089,,0,10.7813901348525,67.1,1.9,55.0,7.1,3.7
Kazachstan,KAZ,1999,2.0,2.0,3.0,4.0,4.0,3.3,192.16,278.94,141.1,132.05,218.81,57.24,210.61,341.97,102.31,29.93,54.41,9.47,393.16,560.56,294.79,782.94,1041.66,630.81,66.01,60.79,71.41,0.429,1.177,8421,,0,11.540691459567,67.2,2.1,60.0,8.3,3.9
Kazachstan,KAZ,2000,2.0,2.0,3.0,4.0,4.0,3.3,190.59,275.78,140.94,154.57,261.12,62.81,235.75,387.64,108.85,32.72,59.16,10.22,401.91,589.15,294.45,786.61,1071.48,620.63,65.75,60.18,71.64,0.394,1.177,9309,,0,12.0767839829015,67.9,1.9,60.0,13.2,3.7
Kazachstan,KAZ,2001,2.0,2.0,3.0,4.0,4.0,3.3,186.86,263.92,139.88,160.3,268.67,67.22,244.45,397.07,116.77,32.15,59.24,9.09,420.22,575.59,322.19,806.98,1032.72,659.1,65.88,60.61,71.41,0.394,1.177,10589,,0,13.4140558279007,72.8,,60.0,8.4,2.8
Kazachstan,KAZ,2002,2.0,2.0,3.0,4.0,4.0,3.3,182.8,255.33,138.85,151.56,254.34,63.53,238.51,386.79,114.54,30.69,56.27,9.04,432.47,586.85,332.72,820.06,1045.57,666.22,66.18,60.97,71.63,0.394,1.177,11640,,0,11.6095049481668,71.9,,65.0,5.8,2.5
Kazachstan,KAZ,2003,2.0,2.0,3.0,4.0,4.0,3.3,179.5,251.79,135.52,152.81,257.38,63.53,242.85,395.36,116.03,30.93,55.89,9.41,443.93,598.06,343.31,860.91,1108.74,694.76,65.94,60.69,71.48,0.394,1.177,12726,,0,11.2575472813135,73.5,,65.0,6.4,8.8
Kazachstan,KAZ,2004,2.0,2.0,3.0,4.0,4.0,3.7,173.6,243.26,130.5,155.3,261.73,62.8,,,,30.22,54.69,9.04,367.16,502.92,276.92,823.78,1053.32,664.74,66.25,60.79,72.03,0.394,1.177,13930,,0,11.6145025847194,74.0,,65.0,6.7,
Kazachstan,KAZ,2005,2.0,2.0,3.0,4.0,4.0,3.7,172.68,244.62,128.83,155.38,261.41,63.21,,,,26.47,47.53,8.15,380.25,520.52,286.02,843.41,1079.9,677.89,65.92,60.45,71.73,0.394,1.177,15234,,0,11.248528853508,73.3,,,,
Kazachstan,KAZ,2006,2.0,2.0,3.0,4.0,4.0,3.7,165.53,228.22,127.35,156.34,259.92,66.13,,,,27.07,48.48,8.54,368.86,503.46,278.47,825.56,1065.09,658.11,66.22,60.72,72.04,0.394,1.177,16787,,0,10.1808622102763,73.4,,,,
Kazachstan,KAZ,2007,2.0,2.0,3.0,4.0,4.0,3.7,163.51,231.58,121.77,149.6,251.02,61.61,,,,27.09,48.35,8.78,369.57,505.01,280.12,811.23,1054.53,642.66,66.42,60.83,72.33,0.387,1.177,18181,,0,11.0539227321465,74.6,,,,
Kazachstan,KAZ,2008,2.0,2.0,3.0,4.0,4.0,3.7,159.89,224.39,120.67,129.56,215.48,55.18,,,,25.69,44.92,9.25,346.6,472.28,263.88,748.33,972.18,594.8,67.2,61.98,72.53,0.387,1.177,18666,,0,10.1884933177761,75.3,,,,
Kazachstan,KAZ,2009,2.0,2.0,3.0,4.0,4.0,3.7,155.28,218.37,117.43,112.48,186.62,48.38,,,,24.33,42.49,8.57,237.95,331.89,174.45,625.45,814.41,493.3,68.69,63.73,73.62,0.387,1.177,18751,,0,11.6629260943621,74.3,,,,
Kazachstan,KAZ,2010,2.0,2.0,3.0,4.0,4.0,3.7,155.75,215.75,118.67,114.44,191.01,48.41,,,,22.61,40.3,7.54,180.96,264.86,124.34,619.94,809.82,485.29,68.61,63.73,73.53,0.378,1.177,19965,,0,10.812344717753,75.6,,,,
Kazachstan,KAZ,2011,2.0,2.0,3.0,3.7,4.0,3.7,145.54,197.03,113.2,108.37,179.57,47.06,,,,20.97,37.1,7.1,148.84,220.62,99.04,457.11,626.65,338.29,69.2,64.4,74.0,0.378,1.177,21302,,0,10.4758481012217,77.0,,,,
Kazachstan,KAZ,2012,2.0,2.0,3.0,3.7,4.0,3.7,146.02,198.33,113.6,104.25,175.45,43.05,,,,19.93,35.29,6.65,126.81,192.18,81.37,367.83,516.92,262.86,69.74,64.96,74.47,0.378,1.177,22089,,0,11.5216030974968,78.5,,,,
Kazachstan,KAZ,2013,2.0,2.0,3.0,3.7,4.0,3.7,139.8,192.17,107.27,102.83,171.78,43.84,194.21,297.06,110.51,21.44,37.43,7.78,128.88,181.23,92.22,362.42,480.39,277.74,70.76,66.03,75.4,0.378,1.177,23131,,0,10.17335661126,78.7,,,,
Kazachstan,KAZ,2014,2.0,2.0,3.0,3.7,4.0,3.7,128.32,175.65,99.19,93.62,157.42,38.89,181.27,279.08,102.66,18.89,33.24,6.5,112.37,159.22,79.79,305.09,408.18,232.22,71.6,67.06,75.96,0.378,1.177,23841,,0,10.6896762840233,77.9,,,,
Litwa,LTU,1989,1.0,1.0,1.0,1.0,1.0,1.0,186.74,267.61,137.17,119.77,203.46,48.11,,,,28.16,49.86,9.55,411.72,527.56,335.46,566.27,702.42,475.4,71.82,66.95,76.42,,,14693,,0,,84.0,2.8,,,
Litwa,LTU,1990,1.0,1.0,1.0,2.3,1.0,1.0,193.38,282.76,138.32,122.74,207.25,50.12,,,,27.16,48.39,9.33,427.93,560.47,340.35,585.95,738.45,483.35,71.54,66.52,76.35,0.666,3.002,13809,,0,,81.6,3.0,10.0,,
Litwa,LTU,1991,1.0,1.0,1.0,2.7,1.0,1.0,194.26,280.21,140.37,143.72,246.57,54.64,166.89,287.08,65.16,32.03,56.96,11.14,417.02,553.05,328.64,573.49,730.8,469.26,70.64,65.2,76.01,0.666,3.002,12999,,0,,83.8,3.3,10.0,224.7,0.3
Litwa,LTU,1992,1.0,1.0,2.0,2.7,2.7,2.0,199.15,295.95,139.26,143.91,244.96,56.28,169.01,287.17,68.87,36.4,63.41,13.41,407.73,551.49,312.6,560.09,728.28,447.28,70.49,64.88,76.07,0.674,3.002,10241,,0,,82.1,3.8,20.0,1021.0,1.3
Litwa,LTU,1993,2.0,2.0,3.0,4.0,3.3,3.0,203.9,295.7,147.85,172.81,299.12,64.48,294.05,508.14,112.21,43.98,79.77,13.78,413.56,565.07,312.92,625.81,815.81,497.2,69.0,63.15,75.01,0.664,3.002,8621,,0,,79.3,3.8,35.0,410.4,4.4
Litwa,LTU,1994,2.0,2.0,3.0,4.0,4.0,4.0,201.52,294.7,144.95,194.15,336.51,71.89,338.82,584.81,129.32,48.01,89.05,13.22,404.25,552.34,306.62,610.88,800.17,486.22,68.6,62.58,74.87,0.652,3.002,7830,,0,,75.2,4.4,60.0,72.1,3.8
Litwa,LTU,1995,2.0,2.0,3.0,4.0,4.0,4.0,202.59,301.66,142.7,185.47,322.24,69.73,327.78,563.56,129.24,47.86,86.82,15.28,404.52,534.21,318.0,607.79,767.92,498.26,69.15,63.32,75.12,0.652,3.002,8299,7.9,0,23.8338583981058,67.1,4.5,65.0,39.5,6.1
Litwa,LTU,1996,2.0,3.0,3.0,4.0,4.0,4.0,200.27,296.06,142.64,165.51,279.49,67.67,287.81,484.21,121.46,49.12,87.01,16.64,384.47,523.81,297.0,585.08,757.22,473.97,70.31,64.67,75.96,0.652,3.002,8794,7.9,0,23.9448435169784,68.3,4.2,70.0,24.7,7.1
Litwa,LTU,1997,2.3,2.7,3.0,4.0,4.0,4.0,195.52,291.03,137.49,154.63,266.94,59.02,264.39,454.85,103.89,46.53,84.27,14.28,374.64,492.16,298.67,562.56,712.76,462.93,71.15,65.53,76.7,0.652,3.002,9593,8.7,0,24.0421961294719,69.3,4.7,70.0,8.9,5.9
Litwa,LTU,1998,2.3,2.7,3.0,4.0,4.0,4.0,198.0,292.83,141.62,152.48,264.25,58.6,184.23,318.04,73.6,44.34,81.08,13.53,343.7,451.49,274.39,549.78,685.88,458.75,71.44,66.05,76.71,0.652,3.002,10382,8.0,0,25.7711170720421,69.3,4.8,70.0,5.1,13.3
Litwa,LTU,1999,2.3,2.7,3.0,4.0,4.3,4.0,200.7,297.69,143.3,149.67,257.15,58.93,174.48,299.14,71.25,44.26,80.73,13.14,325.25,444.4,249.81,537.03,693.79,434.37,71.82,66.39,77.1,0.652,3.002,10336,8.6,0,23.5580618145463,68.2,4.6,70.0,0.8,14.1
Litwa,LTU,2000,2.7,2.7,3.0,4.0,4.3,4.0,198.89,294.93,142.38,145.67,248.6,57.58,170.5,291.04,69.22,46.73,83.39,15.64,309.42,417.16,240.3,514.89,660.37,418.01,72.2,66.78,77.45,0.706,3.002,10807,9.7,0,22.3826570467051,65.8,4.4,70.0,1.0,15.4
Litwa,LTU,2001,3.0,2.7,3.3,4.0,4.3,4.3,197.99,293.47,141.6,157.53,274.73,58.73,185.68,322.68,72.2,43.8,79.43,13.83,341.19,459.37,264.25,537.31,698.44,429.96,71.71,65.9,77.5,0.706,3.002,11607,10.5,0,21.1308403240418,63.7,4.1,70.0,1.5,17.4
Litwa,LTU,2002,3.0,3.0,3.7,4.3,4.3,4.3,196.19,289.78,141.43,150.44,260.71,56.16,176.63,305.4,68.5,44.22,82.14,11.54,336.35,463.35,256.39,537.91,708.35,426.79,71.86,66.19,77.48,0.731,3.002,12491,11.1,0,20.5566658733581,65.5,4.6,75.0,0.3,13.8
Litwa,LTU,2003,3.0,3.0,3.7,4.3,4.3,4.3,193.39,284.51,140.26,148.89,257.06,56.9,178.08,307.48,70.11,41.43,75.42,12.62,333.12,469.01,249.29,527.5,708.98,412.25,72.13,66.44,77.78,0.731,3.002,13918,11.3,0,19.5456507640416,66.9,,75.0,-1.2,12.4
Litwa,LTU,2004,3.0,3.0,3.7,4.3,4.3,4.3,193.84,288.85,138.5,144.86,250.72,54.89,175.1,302.93,68.6,39.52,70.94,12.84,327.83,447.88,249.88,524.97,690.4,412.41,72.05,66.29,77.8,0.731,3.002,14996,12.2,0,19.0877078519304,66.8,,75.0,1.5,
Litwa,LTU,2005,3.3,3.0,4.0,4.3,4.3,4.3,192.94,284.88,138.59,159.85,276.55,60.87,194.67,334.72,77.77,37.95,68.86,11.59,343.98,479.12,256.23,547.03,734.42,419.72,71.27,65.22,77.49,0.731,3.002,16418,12.5,0,18.5191005650631,71.0,,,,
Litwa,LTU,2006,3.3,3.0,4.0,4.3,4.3,4.3,194.45,295.71,133.21,154.57,264.56,62.13,200.36,338.97,85.27,29.94,54.29,9.55,336.54,464.82,252.1,546.93,725.6,423.66,71.02,65.08,77.15,0.734,3.002,17916,13.2,0,19.1899246295583,73.5,,,,
Litwa,LTU,2007,3.3,3.0,4.0,4.3,4.3,4.3,196.09,302.18,133.63,152.48,264.31,57.2,207.89,352.44,87.0,29.67,54.6,8.51,327.58,456.16,243.39,536.1,730.4,403.94,70.78,64.54,77.33,0.734,3.002,20138,13.9,0,17.4513357826862,75.7,,,,
Litwa,LTU,2008,3.3,3.0,4.0,4.3,4.3,4.3,195.02,286.96,142.89,139.97,240.51,54.96,189.71,320.5,81.18,32.37,58.85,9.49,310.91,437.4,229.33,505.53,686.0,384.75,71.82,65.97,77.72,0.734,3.002,20880,13.9,0,18.6665424842249,75.4,,,,
Litwa,LTU,2009,3.3,3.0,4.0,4.3,4.3,4.3,190.86,290.3,133.55,121.53,214.32,43.47,160.26,278.78,62.64,33.2,61.56,9.18,294.96,416.68,218.95,482.54,655.61,369.79,73.01,67.18,78.78,0.734,3.002,17983,13.1,0,21.2054131585729,70.7,,,,
Litwa,LTU,2010,3.3,3.0,4.0,4.3,4.3,4.3,188.03,287.73,129.62,119.13,207.99,44.72,156.87,271.61,62.64,30.27,54.52,9.47,302.99,423.38,227.47,479.79,650.62,367.13,73.32,67.59,78.97,0.741,2.577,18664,13.5,0,20.1107100441688,63.4,,,,
Litwa,LTU,2011,3.7,3.0,4.0,4.3,4.3,4.3,187.68,281.11,133.77,109.82,189.83,42.62,146.66,250.34,61.31,30.8,55.08,10.14,289.39,414.59,210.31,459.51,632.01,346.01,73.8,68.09,79.37,0.741,2.577,20243,14.7,0,18.4673993995514,66.3,,,,
Litwa,LTU,2012,3.7,3.0,4.0,4.3,4.3,4.3,182.16,276.61,128.2,109.15,189.27,41.7,144.68,248.35,59.28,28.28,51.23,8.74,286.79,405.91,209.82,451.08,615.96,340.12,74.16,68.47,79.71,0.741,2.577,21303,14.7,0,17.5438790188972,69.0,,,,
Litwa,LTU,2013,3.7,3.0,4.0,4.3,4.3,4.3,178.65,267.58,127.08,108.26,189.35,39.78,144.26,247.24,59.2,33.57,60.38,10.63,279.65,391.23,208.63,442.44,606.51,334.95,74.19,68.6,79.63,0.747,2.242,22274,14.5,0,16.7355436181775,71.0,,,,
Litwa,LTU,2014,3.7,3.0,4.0,4.3,4.3,4.3,180.35,276.81,124.66,100.02,175.67,36.11,133.56,231.39,53.24,28.33,52.35,7.8,267.14,375.85,198.38,419.49,571.64,318.61,74.79,69.21,80.17,0.757,2.242,23252,14.2,0,16.691874395721,73.3,,,,
Polska,POL,1989,1.0,1.0,1.0,2.3,2.0,1.0,210.95,291.21,154.1,77.12,122.42,34.93,135.06,220.76,57.69,11.97,20.89,3.85,118.89,190.97,63.12,587.5,758.85,465.29,71.11,66.79,75.55,0.625,2.034,9060,9.2,0,,74.7,,,639.5,
Polska,POL,1990,2.0,2.0,2.0,3.7,3.0,3.0,212.82,295.9,154.03,82.47,132.97,35.57,142.54,236.18,58.2,13.77,23.72,4.66,120.95,193.95,64.56,589.2,768.05,462.18,71.0,66.56,75.62,0.861,2.034,8150,8.3,0,,70.6,4.9,30.0,249.0,
Polska,POL,1991,2.0,2.0,2.0,3.7,3.0,3.0,213.78,296.94,155.22,86.76,139.63,37.87,152.72,252.66,62.71,14.68,25.81,4.58,126.95,204.0,67.78,609.35,797.07,475.98,70.68,66.17,75.42,0.861,2.034,7626,8.8,0,,67.1,5.0,40.0,70.3,11.8
Polska,POL,1992,2.0,2.0,2.0,4.0,4.0,3.0,211.05,293.28,153.47,82.25,132.43,35.66,144.03,238.41,58.62,15.61,27.13,5.08,123.32,195.5,68.0,584.64,760.83,458.87,71.19,66.74,75.81,0.861,2.034,7874,8.3,0,,65.4,5.0,45.0,43.0,13.6
Polska,POL,1993,2.7,3.0,2.0,4.0,4.0,4.0,214.1,298.38,155.13,76.4,122.68,33.77,132.77,219.45,55.09,15.32,26.51,5.12,118.18,185.94,66.75,571.83,741.34,451.71,71.68,67.4,76.06,0.861,2.034,8230,8.4,0,,63.3,4.7,50.0,35.3,16.4
Polska,POL,1994,2.7,3.0,3.0,4.0,4.0,4.0,213.69,298.12,154.62,78.34,126.65,33.71,136.75,227.51,55.1,14.83,26.21,4.53,110.11,171.39,63.37,548.31,705.18,436.8,71.79,67.53,76.13,0.854,2.034,8722,8.3,0,,62.7,4.4,55.0,32.2,16.0
Polska,POL,1995,2.7,3.0,3.0,4.0,4.0,4.0,215.41,300.98,155.96,76.95,122.88,33.94,136.89,225.59,56.18,14.64,25.56,4.71,107.07,167.71,61.02,532.24,687.0,421.16,72.01,67.68,76.45,0.854,2.034,9408,8.1,0,18.8197389579682,62.3,4.4,60.0,27.8,14.9
Polska,POL,1996,2.7,3.0,3.0,4.0,4.3,4.3,213.82,297.72,155.69,72.4,115.42,32.36,127.6,210.74,52.68,14.41,25.23,4.58,105.68,165.22,60.5,524.63,670.54,419.51,72.38,68.18,76.65,0.854,2.034,10066,8.1,0,18.4388608015352,63.2,4.7,60.0,19.9,13.2
Polska,POL,1997,2.7,3.0,3.3,4.0,4.3,4.3,,,,,,,,,,,,,,,,,,,72.75,68.51,77.07,0.854,2.034,10811,8.6,0,18.0280314834487,63.5,4.4,65.0,14.9,10.5
Polska,POL,1998,2.7,3.0,3.3,4.3,4.3,4.3,,,,,,,,,,,,,,,,,,,73.14,68.91,77.43,0.854,2.034,11413,8.4,0,17.641042982652,63.0,4.2,65.0,11.8,10.4
Polska,POL,1999,2.7,3.0,3.3,4.3,4.3,4.3,212.22,298.45,153.4,70.36,112.26,31.25,97.47,159.97,41.45,14.74,26.14,4.29,147.88,212.86,99.27,469.04,596.54,374.18,73.16,68.87,77.53,0.854,2.034,12058,8.3,0,17.8063298597319,59.7,4.4,65.0,7.3,13.0
Polska,POL,2000,2.7,3.0,3.3,4.3,4.3,4.3,217.23,304.47,158.89,66.41,106.42,29.72,92.48,152.25,39.74,15.01,26.39,4.69,141.76,204.61,95.72,446.22,575.52,353.41,73.86,69.6,78.09,0.854,2.034,12732,8.4,0,17.9874386199245,59.5,,70.0,10.1,15.0
Polska,POL,2001,3.0,3.3,3.3,4.3,4.3,4.3,217.84,307.06,158.38,64.09,103.1,28.26,89.32,147.53,37.97,14.93,26.74,4.13,134.26,193.82,90.96,433.98,560.12,343.64,74.28,70.05,78.48,0.854,2.034,13018,7.8,0,18.5515181999351,57.0,,75.0,5.5,17.4
Polska,POL,2002,3.0,3.3,3.3,4.3,4.3,4.3,216.67,307.04,156.63,64.18,103.51,28.21,88.94,147.85,36.92,14.95,26.12,4.71,125.78,182.02,84.82,413.88,531.4,328.75,74.64,70.38,78.87,0.854,2.034,13416,8.1,0,18.563380627424,55.3,,75.0,1.9,19.7
Polska,POL,2003,3.0,3.3,3.3,4.3,4.3,4.3,214.73,301.1,157.68,62.44,101.71,26.51,86.54,144.44,35.34,14.67,26.04,4.22,124.93,180.73,84.69,416.65,535.86,330.93,74.73,70.53,78.9,0.854,2.034,14036,9.1,0,18.8451542998185,54.8,,75.0,0.8,20.0
Polska,POL,2004,3.0,3.3,3.3,4.3,4.3,4.3,213.98,302.77,154.97,62.14,101.88,25.62,88.32,148.26,35.15,15.14,26.94,4.28,117.62,169.69,79.77,397.03,510.22,314.23,74.98,70.67,79.27,0.854,2.034,14906,9.2,0,18.2343847850137,55.8,,75.0,3.5,
Polska,POL,2005,3.3,3.7,3.3,4.3,4.3,4.3,211.51,296.02,155.46,62.57,102.53,26.02,89.47,149.64,36.24,14.99,26.65,4.31,114.43,163.52,78.5,384.24,492.8,304.06,75.12,70.81,79.41,0.854,2.034,15581,9.1,0,18.2841316711182,56.8,,,,
Polska,POL,2006,3.3,3.7,3.3,4.3,4.3,4.3,210.24,293.55,154.93,61.27,101.05,24.93,89.2,149.73,35.66,14.25,25.53,3.92,111.42,160.36,75.57,372.19,480.24,291.87,75.38,71.0,79.74,0.854,2.034,16711,9.9,0,18.4712705252125,58.7,,,,
Polska,POL,2007,3.3,3.7,3.3,4.3,4.3,4.3,208.72,290.77,154.45,59.77,99.4,23.76,89.32,150.08,35.72,12.94,23.04,3.74,104.22,151.13,69.73,365.49,472.51,285.4,75.45,71.04,79.87,0.854,2.034,18067,10.3,0,18.1666848826749,61.3,,,,
Polska,POL,2008,3.3,3.7,3.3,4.3,4.3,4.3,204.71,284.32,152.09,60.67,100.82,24.14,89.91,150.47,36.28,13.87,24.95,3.72,102.32,147.53,69.29,356.9,463.74,277.17,75.73,71.34,80.11,0.854,2.034,19012,10.8,0,18.6262756515519,63.3,,,,
Polska,POL,2009,3.3,3.7,3.3,4.3,4.3,4.3,201.75,279.87,150.11,57.62,96.27,22.41,84.6,142.19,33.63,15.78,28.26,4.34,96.94,139.64,66.09,356.25,464.83,275.88,75.91,71.6,80.19,0.856,2.034,19718,10.2,0,18.7077470624667,63.4,,,,
Polska,POL,2010,3.7,3.7,3.7,4.3,4.3,4.3,195.81,269.22,146.99,56.1,94.37,20.89,80.83,136.48,30.97,15.41,27.91,3.8,90.29,132.05,59.55,335.6,438.27,258.79,76.54,72.26,80.81,0.89,2.128,20609,10.0,0,19.1492387195228,64.8,,,,
Polska,POL,2011,3.7,3.7,3.7,4.3,4.3,4.3,191.29,262.34,144.23,55.49,93.27,20.57,80.65,135.87,30.96,14.78,26.97,3.44,88.37,128.13,59.46,317.68,414.9,244.64,76.91,72.62,81.17,0.857,2.128,21837,10.3,0,18.0778612921893,63.2,,,,
Polska,POL,2012,3.7,3.7,3.7,4.3,4.3,4.3,192.32,261.94,146.06,54.26,91.0,20.44,79.7,133.67,31.25,15.31,27.84,3.61,83.64,122.28,55.07,323.69,424.12,248.05,76.97,72.74,81.18,0.838,2.128,22188,10.2,0,18.0086571547278,63.9,,,,
Polska,POL,2013,3.7,3.7,3.7,4.3,4.3,4.3,187.56,253.98,143.41,51.4,85.87,19.55,75.11,125.02,30.15,14.96,26.95,3.81,75.07,109.8,49.17,315.02,410.68,242.11,77.21,73.08,81.29,0.836,2.128,22510,10.8,0,18.3308014321931,64.4,,,,
Polska,POL,2014,3.7,3.7,3.7,4.3,4.3,4.3,187.02,250.64,144.52,48.47,81.0,18.49,71.13,118.58,28.49,14.32,25.66,3.68,68.7,100.89,44.68,292.37,381.2,224.5,77.89,73.82,81.87,0.836,2.128,23266,10.5,0,18.2380268801328,66.4,,,,
Rosja,RUS,1989,1.0,1.0,1.0,1.0,1.0,1.0,199.39,313.53,139.52,127.8,214.5,53.17,,,,26.36,46.63,10.3,327.96,457.88,256.65,664.24,854.27,562.44,69.65,64.23,74.58,0.193,2.238,12766,5.4,0,20.1221640488656,83.6,,,,
Rosja,RUS,1990,1.0,1.0,1.0,1.0,1.0,1.0,201.51,315.01,140.57,135.68,228.24,55.77,,,,26.98,47.48,10.5,325.44,457.88,250.51,668.7,863.38,560.97,69.28,63.79,74.41,0.259,1.422,12400,7.4,0,20.7854703508227,83.4,,5.0,,
Rosja,RUS,1991,2.0,1.0,1.0,1.0,1.0,1.0,202.58,316.28,140.69,143.65,242.09,58.13,,,,26.9,47.64,10.11,316.37,451.84,239.9,658.48,855.35,548.71,69.03,63.46,74.31,0.346,1.422,12012,8.1,0,16.5105470146586,81.7,2.8,,92.7,0.0
Rosja,RUS,1992,2.0,1.0,2.0,3.7,2.0,3.0,204.31,316.47,142.12,173.98,293.44,69.01,,,,31.29,55.75,10.94,324.08,465.33,241.25,675.25,881.7,555.94,67.92,62.05,73.78,0.597,0.628,10488,7.1,0,13.8574434508154,79.4,2.7,25.0,1526.0,4.8
Rosja,RUS,1993,2.0,1.0,3.0,3.7,3.0,3.0,206.8,321.92,142.05,227.37,383.07,91.11,,,,38.31,69.4,12.2,385.57,561.3,279.91,789.64,1050.23,634.9,65.14,58.92,71.86,0.597,0.628,9789,8.4,0,20.0391817969798,77.8,3.6,40.0,875.0,5.3
Rosja,RUS,1994,2.0,1.7,3.0,3.7,3.0,3.0,205.53,316.1,142.57,247.96,418.69,98.86,,,,41.98,76.82,12.56,411.31,602.55,292.91,849.21,1138.49,670.45,64.03,57.66,71.18,0.597,0.628,8744,8.7,1,19.0994678673762,70.9,4.6,50.0,311.4,8.1
Rosja,RUS,1995,2.0,2.0,3.0,3.7,4.0,3.0,200.82,306.48,140.32,234.23,394.45,93.46,,,,41.2,74.44,12.74,378.92,549.71,271.61,795.84,1051.72,633.05,64.7,58.35,71.72,0.597,0.628,8586,11.2,1,19.0756586824943,69.6,4.3,55.0,197.7,8.3
Rosja,RUS,1996,2.0,2.0,3.0,3.7,4.0,4.0,195.71,297.22,137.71,206.53,347.2,83.05,,,,38.9,70.98,11.54,356.33,509.46,259.29,753.74,983.31,605.84,65.95,59.82,72.52,0.597,0.968,8479,9.2,1,19.4937298074419,68.2,4.2,60.0,47.8,9.3
Rosja,RUS,1997,2.3,2.0,3.3,3.7,4.0,4.0,194.35,293.89,137.61,184.64,309.63,75.55,,,,36.73,66.91,11.22,343.84,486.64,253.77,734.83,948.71,597.05,66.88,61.06,72.96,0.597,0.968,8813,9.3,0,21.0671099511038,65.1,4.4,70.0,14.7,10.8
Rosja,RUS,1998,2.3,2.0,3.3,3.3,4.0,2.3,193.03,290.2,137.16,182.98,306.4,74.81,,,,34.35,62.48,10.47,337.43,477.92,248.04,720.98,928.41,585.15,67.24,61.44,73.27,0.597,0.968,8557,9.9,0,18.732723283908,63.0,3.7,70.0,27.6,12.3
Rosja,RUS,1999,2.3,1.7,3.3,3.3,4.0,2.3,194.0,290.97,138.13,200.05,336.34,80.95,,,,37.9,68.96,11.55,363.15,518.36,263.89,774.68,1006.51,621.34,66.03,60.02,72.49,0.578,0.968,9340,10.7,1,14.579430997898,67.7,3.0,70.0,86.1,12.6
Rosja,RUS,2000,2.3,2.0,3.3,4.0,4.0,2.3,192.96,288.0,137.7,211.66,357.68,83.66,,,,37.55,69.2,10.57,374.26,539.12,267.74,796.82,1048.8,628.48,65.46,59.19,72.36,0.537,0.968,10553,9.9,1,15.0910673022865,69.9,3.0,70.0,20.8,9.8
Rosja,RUS,2001,2.3,2.3,3.3,4.0,4.0,2.7,188.94,281.26,135.63,219.42,370.86,87.75,,,,37.65,69.43,10.49,378.04,545.5,268.82,804.7,1059.36,632.17,65.38,59.14,72.29,0.483,0.968,11391,10.2,1,16.4352485867408,69.6,,70.0,21.6,8.9
Rosja,RUS,2002,2.3,2.3,3.3,4.0,4.0,3.0,186.71,278.0,133.93,223.34,377.28,90.39,,,,36.17,66.3,10.41,393.05,565.74,279.46,831.95,1098.07,649.38,65.13,58.95,72.04,0.447,1.205,12259,10.6,1,17.9345367249896,70.7,,70.0,15.7,8.6
Rosja,RUS,2003,2.3,2.3,3.3,4.0,4.0,3.3,185.29,276.63,133.86,218.85,371.74,88.91,,,,33.54,62.33,9.61,412.37,601.49,293.29,867.11,1166.96,672.37,64.97,58.73,71.9,0.447,1.205,13521,11.1,1,17.9160971829737,69.7,,70.0,13.7,8.5
Rosja,RUS,2004,2.3,2.3,3.3,4.0,4.0,3.3,184.37,274.21,133.82,211.95,360.14,86.13,,,,31.74,58.74,9.31,395.53,579.33,279.61,831.55,1126.43,639.22,65.4,59.08,72.36,0.447,1.205,14881,11.2,1,16.9716779694334,69.9,,70.0,10.7,
Rosja,RUS,2005,2.3,2.3,3.0,4.0,4.0,3.3,182.0,271.38,131.99,204.25,348.55,81.85,,,,29.54,54.85,8.47,400.45,584.23,284.25,833.21,1127.45,639.34,65.42,59.05,72.41,0.392,1.205,16243,11.3,1,16.8715389431499,70.5,,,,
Rosja,RUS,2006,2.3,2.3,3.0,4.0,4.0,3.3,179.51,265.96,131.04,182.42,310.48,74.06,,,,27.4,50.55,8.13,383.75,548.76,279.02,779.16,1039.78,605.72,66.71,60.54,73.28,0.392,1.205,18008,11.5,1,17.3881375511313,71.2,,,,
Rosja,RUS,2007,2.3,2.3,3.0,4.0,4.0,3.3,179.16,265.21,130.95,167.62,285.84,67.56,,,,26.4,48.15,8.32,368.36,526.74,268.44,734.93,983.89,570.53,67.66,61.57,74.01,0.409,1.205,20018,12.0,1,17.2975342859138,73.0,,,,
Rosja,RUS,2008,2.3,2.3,3.0,4.0,4.0,3.3,178.65,263.36,131.09,157.51,269.41,63.41,,,,24.5,44.66,7.89,365.53,523.25,265.58,722.43,971.19,557.98,68.02,61.98,74.28,0.427,1.173,21563,11.8,1,17.830576085536,73.5,,,,
Rosja,RUS,2009,2.3,2.3,3.0,4.0,4.0,3.3,180.2,266.0,132.25,144.68,246.53,59.36,,,,24.02,43.95,7.4,351.04,502.15,255.7,681.69,921.75,524.53,68.78,62.88,74.79,0.427,1.173,20336,10.9,1,20.7865966596139,72.3,,,,
Rosja,RUS,2010,2.3,2.3,3.0,4.0,4.0,3.3,175.98,259.11,129.76,138.5,235.94,56.79,,,,21.26,39.01,6.55,348.77,500.94,254.53,672.47,915.1,516.75,69.06,63.2,74.99,0.407,1.153,21737,10.8,0,18.7250554156357,73.4,,,,
Rosja,RUS,2011,2.7,2.3,3.0,4.0,4.0,3.3,173.41,254.91,127.77,126.82,215.77,52.05,,,,19.77,36.0,6.3,323.25,463.06,235.83,613.31,836.13,469.28,70.03,64.21,75.83,0.41,1.153,23130,10.8,0,17.6255115280966,74.9,,,,
Rosja,RUS,2012,2.7,2.3,3.0,4.0,4.0,4.0,169.9,248.4,125.88,122.89,208.89,50.38,,,,18.85,34.14,6.14,312.4,446.23,228.31,586.17,798.65,448.42,70.47,64.74,76.11,0.405,1.175,23931,10.6,0,17.9672380527257,76.3,,,,
Rosja,RUS,2013,2.7,2.3,3.0,4.0,4.0,4.0,168.71,245.61,125.21,117.73,201.1,47.1,,,,18.26,33.49,5.59,289.08,412.99,210.61,547.4,746.08,417.57,70.96,65.27,76.53,0.344,1.175,24224,9.8,0,18.675302148229,76.9,,,,
Rosja,RUS,2014,2.7,2.3,3.0,4.0,4.0,3.7,169.08,246.54,125.24,118.87,203.33,47.64,,,,16.89,31.1,5.21,271.37,393.43,194.5,519.17,717.96,390.17,,,,0.328,1.175,24387,8.9,1,18.0273313931418,73.3,,,,
Rumunia,ROU,1989,1.0,1.0,1.0,1.0,1.0,1.0,148.52,188.98,115.71,77.33,119.03,37.64,165.0,248.6,87.26,11.48,17.8,5.61,199.77,232.8,171.05,712.3,768.72,662.23,69.64,66.67,72.69,0.044,1.915,5942,8.7,1,,77.4,2.4,,0.6,
Rumunia,ROU,1990,1.0,1.0,1.0,1.0,1.0,1.0,147.88,187.34,115.57,79.36,122.31,38.68,174.82,265.96,89.85,9.37,14.32,4.74,202.2,241.2,168.23,705.7,775.18,645.14,69.78,66.62,73.07,0.584,1.886,5596,8.9,0,13.3232311458212,76.8,2.8,15.0,37.7,
Rumunia,ROU,1991,1.0,1.0,1.7,2.7,1.0,1.0,149.27,191.07,115.4,75.46,115.34,37.69,169.41,255.8,89.01,9.76,15.41,4.51,209.52,256.07,169.79,729.49,812.12,658.79,70.11,66.9,73.45,0.584,1.886,5033,8.9,0,15.1504151731022,77.0,3.3,25.0,161.1,3.0
Rumunia,ROU,1992,1.0,1.0,1.7,2.7,2.0,3.0,154.27,200.93,116.47,76.74,119.95,36.18,173.16,266.26,87.08,12.0,19.7,4.93,221.85,277.79,174.73,751.08,861.88,659.63,69.58,66.07,73.3,0.592,1.886,4818,8.8,0,14.2821601539176,75.2,2.6,25.0,210.4,8.2
Rumunia,ROU,1993,1.0,2.0,2.0,3.7,2.0,3.0,158.96,206.99,120.15,76.3,119.37,35.97,177.52,271.36,90.98,12.62,20.81,4.97,251.63,311.0,201.64,753.02,872.98,654.33,69.51,65.92,73.33,0.592,1.886,5056,9.0,0,12.3439044111041,72.1,2.7,30.0,256.1,10.4
Rumunia,ROU,1994,1.0,2.0,2.0,4.0,2.3,4.0,160.76,209.22,121.83,78.19,123.46,35.97,181.0,281.28,88.84,13.03,21.73,4.97,247.1,307.66,196.3,739.34,862.08,637.73,69.36,65.67,73.3,0.592,1.886,5427,7.8,0,13.7660430465801,77.8,3.0,35.0,136.7,10.9
Rumunia,ROU,1995,1.0,2.0,2.0,4.0,2.7,4.0,162.55,212.81,122.14,80.78,127.81,36.69,188.48,292.34,92.57,12.59,21.25,4.53,248.44,310.53,196.53,747.76,877.38,641.07,69.38,65.54,73.51,0.592,1.886,6015,8.2,0,12.2487057525031,79.3,3.2,40.0,32.3,9.5
Rumunia,ROU,1996,1.0,2.0,2.7,4.0,3.0,3.0,165.77,216.17,125.47,80.35,125.97,37.68,199.7,307.26,100.69,12.7,21.95,4.13,261.52,325.64,208.14,794.43,928.15,684.29,68.85,65.13,72.85,0.649,1.886,6476,8.1,0,11.6731209989726,77.6,3.4,60.0,38.8,6.6
Rumunia,ROU,1997,2.3,2.0,2.7,4.0,3.3,4.0,167.1,217.82,126.93,78.05,123.96,35.14,199.33,308.96,98.5,12.83,22.26,4.06,256.01,319.93,202.74,756.75,892.28,645.1,69.15,65.27,73.34,0.634,1.886,6446,8.7,0,12.6917149344512,78.4,,60.0,154.8,8.9
Rumunia,ROU,1998,2.3,2.0,2.7,4.3,3.3,4.3,166.6,217.73,126.17,72.64,114.2,34.03,184.5,282.91,94.36,12.6,21.83,4.09,248.45,306.34,200.62,730.1,854.58,628.87,69.92,66.28,73.77,0.634,1.664,6407,7.3,0,11.8926601761255,77.0,,60.0,59.1,10.3
Rumunia,ROU,1999,2.3,2.0,2.7,4.3,3.7,4.3,166.27,216.8,126.06,64.55,101.91,29.78,120.85,185.13,62.55,12.04,20.73,4.09,249.73,304.91,204.05,719.79,835.65,625.16,70.59,67.15,74.19,0.634,1.664,6614,7.7,0,16.7184869681314,76.5,,60.0,45.8,11.8
Rumunia,ROU,2000,2.3,2.0,3.0,4.3,3.7,4.3,170.84,223.02,129.58,64.02,101.34,29.34,118.1,180.84,61.36,12.44,21.37,4.17,230.58,283.15,186.75,667.64,771.79,580.96,71.24,67.81,74.81,0.662,1.664,7090,9.0,0,16.8590050338122,76.2,,60.0,45.7,10.5
Rumunia,ROU,2001,2.3,2.0,3.3,4.3,3.7,4.3,175.0,231.43,130.5,63.04,100.94,27.83,122.26,187.32,63.32,11.89,20.81,3.56,228.36,282.23,183.75,662.67,771.98,572.5,71.27,67.69,75.0,0.679,1.52,7860,12.1,0,15.7967278693328,75.4,,65.0,34.5,8.8
Rumunia,ROU,2002,2.3,2.0,3.3,4.3,3.7,4.3,177.63,235.97,132.1,65.38,105.71,28.17,127.02,197.02,64.08,13.65,23.69,4.38,235.96,295.18,188.09,699.47,821.88,600.97,70.97,67.36,74.75,0.679,1.52,8674,13.2,0,14.8243105242938,65.7,,65.0,22.5,8.4
Rumunia,ROU,2003,2.3,2.0,3.3,4.3,3.7,4.3,177.87,237.07,131.87,63.18,101.34,27.82,121.24,187.71,61.46,12.78,22.08,4.21,230.0,290.31,181.69,688.9,808.42,591.96,71.32,67.71,75.09,0.683,1.533,9369,11.6,0,16.0448025610991,66.2,,65.0,15.4,7.2
Rumunia,ROU,2004,2.3,2.0,3.7,4.3,3.7,4.3,176.95,236.94,130.28,60.08,96.81,26.05,114.88,178.67,57.6,11.96,21.01,3.58,220.6,277.24,174.92,649.44,762.03,558.08,71.87,68.3,75.58,0.683,1.533,10531,11.8,0,14.7275942495003,66.7,,70.0,11.9,
Rumunia,ROU,2005,2.3,2.3,3.7,4.3,3.7,4.3,179.54,240.13,131.97,57.8,91.44,26.77,110.17,170.17,56.68,11.42,19.79,3.69,217.83,273.27,173.55,645.47,754.63,557.11,72.21,68.76,75.77,0.719,1.533,11314,9.6,0,16.2399747055988,68.1,,,,
Rumunia,ROU,2006,2.7,2.7,3.7,4.3,3.7,4.3,179.8,240.84,132.55,57.67,92.75,25.31,105.58,164.55,52.77,11.85,20.57,3.81,213.52,268.63,169.11,618.73,726.91,531.0,72.69,69.24,76.22,0.719,1.533,12823,9.9,0,15.9232658405555,69.8,,,,
Rumunia,ROU,2007,2.7,2.7,3.7,4.3,3.7,4.3,178.31,240.69,129.68,55.09,88.84,24.05,104.37,160.73,54.03,10.54,18.1,3.61,200.9,254.78,157.69,578.07,682.84,492.97,73.27,69.73,76.9,0.719,1.533,14419,11.0,0,15.3905496262431,71.4,,,,
Rumunia,ROU,2008,2.7,2.7,3.7,4.3,3.7,4.3,179.78,245.95,128.39,57.19,93.61,23.72,109.23,170.36,54.62,10.63,18.37,3.55,194.28,248.03,151.21,558.32,664.8,472.22,73.47,69.77,77.28,0.734,1.533,16347,12.4,0,15.8802915132391,73.3,,,,
Rumunia,ROU,2009,2.7,2.7,3.7,4.3,3.7,4.3,181.42,248.17,129.56,53.91,89.0,21.91,108.84,170.74,53.95,11.17,19.92,3.17,188.83,239.78,147.57,548.63,656.06,461.9,73.6,69.88,77.45,0.734,1.533,15866,11.0,0,16.1008182783231,73.2,,,,
Rumunia,ROU,2010,3.0,2.7,3.7,4.3,3.7,4.3,180.1,248.13,127.6,53.27,87.05,22.23,107.96,168.42,54.13,11.9,20.81,3.68,187.19,238.27,146.34,539.76,647.3,453.92,73.83,70.15,77.61,0.749,1.533,16377,9.9,0,15.0223287183306,73.7,,,,
Rumunia,ROU,2011,3.3,2.7,3.7,4.3,3.7,4.3,181.01,249.33,128.62,46.15,76.2,18.74,92.61,145.75,45.69,10.97,19.46,3.11,174.57,223.95,135.52,511.28,610.17,432.38,74.6,71.04,78.21,0.749,1.533,17174,9.5,0,13.5263054824729,68.5,,,,
Rumunia,ROU,2012,3.3,2.7,3.7,4.3,3.7,4.3,183.13,252.02,129.84,48.27,79.58,19.26,94.2,148.64,45.31,11.38,20.29,2.99,171.3,218.62,133.49,500.41,600.88,420.47,74.57,71.01,78.22,0.749,1.533,17174,9.6,0,13.7701345444659,69.6,,,,
Rumunia,ROU,2013,3.3,2.7,3.7,4.3,3.7,4.3,183.97,251.22,132.49,45.71,74.67,18.63,88.59,139.48,42.8,10.97,19.3,3.1,161.76,207.79,125.05,470.18,568.33,392.0,75.0,71.46,78.63,0.779,1.533,17979,9.6,0,14.2828758426557,69.7,,,,
Rumunia,ROU,2014,3.3,2.7,3.7,4.3,3.7,4.3,184.66,254.14,131.31,44.6,73.75,17.37,88.62,139.33,42.79,9.91,17.69,2.57,160.65,206.72,123.87,463.05,559.42,385.78,75.07,71.47,78.79,0.779,1.184,18515,9.5,0,14.1783362360873,70.9,,,,
Słowacja,SVK,1989,1.0,1.0,1.0,1.0,1.0,1.0,221.12,314.56,150.12,79.16,124.76,37.8,,,,17.73,30.44,6.4,269.79,360.0,200.34,583.1,731.55,468.41,71.17,66.98,75.6,,,12734,13.0,0,,79.6,5.0,,1.5,
Słowacja,SVK,1990,1.0,1.0,1.0,1.0,1.0,1.0,219.53,314.0,148.48,80.39,128.38,37.03,,,,16.56,28.66,5.88,322.29,431.51,239.73,605.82,774.0,479.25,71.14,66.78,75.77,,,12374,13.4,0,25.9180225191167,77.0,5.4,10.0,18.4,
Słowacja,SVK,1991,2.0,2.0,1.0,4.0,3.0,3.0,222.95,320.04,151.49,80.9,129.54,37.1,,,,15.29,27.81,4.3,323.2,427.53,245.7,611.33,775.43,490.57,71.06,66.87,75.44,,,10537,13.7,0,24.3554705016392,67.5,4.9,15.0,61.2,
Słowacja,SVK,1992,2.0,2.0,2.0,4.0,4.0,4.0,212.66,302.94,144.59,78.73,122.46,38.1,124.08,201.33,55.82,15.78,27.59,5.26,264.06,354.78,193.99,530.78,671.81,422.51,72.1,67.73,76.65,,,9839,12.7,0,29.9302044418951,67.5,5.1,30.0,10.0,
Słowacja,SVK,1993,2.0,3.0,3.0,4.0,4.0,4.0,211.77,299.47,146.03,74.84,119.54,34.43,116.52,191.51,51.28,14.59,26.15,4.27,256.81,341.75,191.43,524.11,657.36,422.63,72.62,68.43,76.92,0.729,1.877,10481,12.1,0,27.7486512029139,65.0,6.4,45.0,23.2,12.2
Słowacja,SVK,1994,3.0,3.0,3.0,4.0,4.0,4.0,219.66,312.42,152.51,71.99,109.59,37.31,105.24,169.08,49.29,13.59,24.41,4.07,302.74,400.59,230.93,567.95,715.13,459.74,72.5,68.37,76.67,0.707,1.877,11064,10.6,0,23.7147145293256,64.0,7.1,55.0,13.4,13.7
Słowacja,SVK,1995,3.0,3.0,3.0,4.0,4.0,4.0,222.89,324.58,150.2,70.73,110.88,34.56,105.29,172.53,47.33,14.31,25.41,4.63,289.94,386.6,219.93,577.89,721.62,472.62,72.45,68.41,76.53,0.707,1.877,11874,10.3,0,23.4776534939055,64.3,5.9,60.0,9.9,13.1
Słowacja,SVK,1996,3.0,3.0,3.0,4.0,4.3,4.3,222.31,326.03,148.53,68.17,106.0,33.26,99.52,162.95,44.27,12.84,23.07,3.83,279.17,371.16,212.3,549.5,690.98,446.72,72.98,68.9,77.07,0.707,1.877,12623,10.7,0,25.0558284707739,65.9,7.0,70.0,5.8,11.3
Słowacja,SVK,1997,3.0,2.7,4.0,4.0,4.3,4.0,221.81,318.22,153.07,70.26,111.11,33.07,102.17,166.76,45.77,12.1,21.5,3.81,277.51,368.09,212.83,553.34,695.33,450.65,72.95,68.93,76.96,0.707,1.877,13335,10.8,0,22.8759668936053,64.6,6.7,75.0,6.1,11.8
Słowacja,SVK,1998,3.0,2.7,4.0,4.0,4.3,4.3,238.4,349.87,160.38,63.01,107.37,23.44,101.41,173.44,39.16,12.48,22.83,3.12,276.06,355.29,218.3,569.73,709.13,467.86,72.8,68.64,77.0,0.768,1.877,13822,10.0,0,23.0929537584568,63.7,6.4,75.0,6.7,12.5
Słowacja,SVK,1999,3.0,3.0,4.0,4.0,4.3,4.3,229.86,335.62,156.14,57.96,97.58,22.78,96.92,165.28,38.5,12.94,23.59,3.58,275.58,351.62,219.3,539.69,671.07,442.0,73.24,69.08,77.4,0.837,1.877,13750,10.0,0,21.0532828948601,61.2,6.0,75.0,10.6,17.1
Słowacja,SVK,2000,3.0,3.0,4.0,4.0,4.3,4.3,226.2,326.62,156.6,57.65,97.19,22.34,94.63,163.25,35.74,13.44,23.29,4.73,290.45,367.06,234.42,534.05,662.01,438.69,73.44,69.26,77.64,0.837,1.877,13905,11.0,0,20.7617345907303,59.8,5.9,80.0,12.0,18.6
Słowacja,SVK,2001,3.0,3.0,4.0,4.0,4.3,4.3,225.29,328.13,154.38,56.55,97.02,20.77,93.35,160.65,36.26,12.69,22.71,3.9,288.34,368.12,231.51,540.05,671.55,444.44,73.69,69.56,77.79,0.837,1.877,14362,10.8,0,20.9303072591013,60.1,5.7,80.0,7.1,19.2
Słowacja,SVK,2002,3.0,3.3,4.0,4.3,4.3,4.3,214.19,309.94,148.89,55.63,95.42,20.44,93.3,158.05,38.09,13.03,23.95,3.45,280.35,357.23,225.89,522.92,652.86,428.06,73.88,69.87,77.82,0.773,1.877,14985,10.8,0,20.4103009831873,59.9,5.7,80.0,3.3,18.5
Słowacja,SVK,2003,3.0,3.3,4.0,4.3,4.3,4.3,212.94,307.49,147.79,56.18,95.55,20.97,91.59,156.14,35.9,13.66,24.89,3.58,287.06,364.54,232.66,521.41,648.0,430.19,73.88,69.87,77.85,0.773,1.877,15773,9.9,0,20.8461836926193,60.6,,80.0,8.5,17.4
Słowacja,SVK,2004,3.3,3.3,4.0,4.3,4.3,4.3,209.14,300.96,145.9,55.46,93.22,22.41,88.38,147.15,38.28,12.05,21.07,3.82,275.97,352.28,223.13,505.02,629.27,416.45,74.31,70.4,78.12,0.773,1.877,16571,10.1,0,18.9037166727334,60.4,,80.0,7.5,
Słowacja,SVK,2005,3.3,3.7,4.0,4.3,4.3,4.3,209.61,302.96,146.5,56.11,94.86,21.89,91.08,153.88,37.8,11.99,21.93,3.15,269.7,338.14,220.96,511.35,635.76,420.61,74.24,70.26,78.16,0.773,1.877,17650,11.0,0,18.5595916579985,61.3,,,,
Słowacja,SVK,2006,3.3,3.7,4.0,4.3,4.3,4.3,203.12,292.16,142.74,54.45,93.42,19.64,89.99,153.47,35.52,,,,246.35,316.03,197.49,499.26,627.77,408.28,74.53,70.49,78.52,0.726,1.877,19099,10.6,0,18.7732945323312,63.4,,,,
Słowacja,SVK,2007,3.3,3.7,4.0,4.3,4.3,4.3,203.95,291.07,145.03,52.2,88.87,19.87,89.32,150.8,36.68,,,,266.48,337.35,215.74,484.4,606.98,394.97,74.65,70.69,78.54,0.73,1.877,21110,10.7,0,17.1378008512126,64.7,,,,
Słowacja,SVK,2008,3.3,3.7,4.0,4.3,4.3,4.3,201.24,286.48,143.76,55.31,96.63,18.9,91.25,155.35,36.1,10.21,18.53,2.71,278.25,357.44,222.8,461.12,583.12,373.25,75.05,70.95,79.1,0.744,1.877,22232,11.2,0,17.5418458706665,66.7,,,,
Słowacja,SVK,2009,3.3,3.7,4.0,4.3,4.3,4.3,196.71,275.62,143.46,51.01,86.83,19.18,84.89,142.72,35.09,10.3,19.74,1.89,268.08,338.72,217.1,446.61,559.38,364.12,75.42,71.52,79.22,0.744,1.877,20953,10.7,0,20.0059445657921,64.8,,,,
Słowacja,SVK,2010,3.3,3.7,4.0,4.3,4.3,4.3,196.72,282.85,138.72,50.11,84.28,19.5,82.42,140.1,32.57,10.77,19.4,3.01,260.73,333.82,209.55,440.21,551.8,360.25,75.66,71.81,79.39,0.777,1.877,21941,10.1,0,19.2064841969329,64.2,,,,
Słowacja,SVK,2011,3.7,3.7,4.0,4.3,4.3,4.3,,,,,,,,,,,,,,,,,,,,,,0.789,1.877,22483,10.2,0,18.3560850522368,64.9,,,,
Słowacja,SVK,2012,3.7,3.7,4.0,4.3,4.3,4.3,199.87,281.7,145.54,56.02,89.04,26.9,92.37,150.03,42.8,9.7,17.84,2.34,204.7,257.34,165.96,349.53,435.64,284.63,76.33,72.59,79.95,0.822,1.877,22816,10.1,0,17.8032795774858,65.7,,,,
Słowacja,SVK,2013,3.3,3.7,4.0,4.3,4.3,4.0,203.95,291.76,145.47,50.8,82.66,23.09,82.19,136.21,36.09,10.34,18.87,2.73,206.16,260.68,166.47,348.4,438.76,281.02,76.7,73.03,80.23,0.811,1.877,23132,9.9,0,18.0395982882231,66.2,,,,
Słowacja,SVK,2014,3.3,3.7,4.0,4.3,4.3,4.0,201.77,280.99,149.2,50.51,80.64,23.98,83.17,136.16,37.4,9.14,16.6,2.57,187.39,241.31,148.41,323.17,411.25,258.18,77.07,73.38,80.62,0.811,1.877,23703,10.1,0,18.3081999887673,67.7,,,,
Słowenia,SVN,1989,1.0,1.0,1.0,2.7,3.0,2.0,206.3,296.13,148.21,94.02,146.75,48.07,144.38,229.05,73.94,34.54,56.74,15.68,102.29,146.72,73.04,426.53,543.53,352.72,73.55,69.37,77.54,0.597,3.241,19837,13.0,0,,74.5,5.6,,2772.0,
Słowenia,SVN,1990,1.0,1.0,1.0,3.7,3.0,2.0,207.41,289.54,152.3,87.51,137.65,45.41,132.42,211.73,67.67,27.87,46.3,12.03,121.7,159.26,93.86,439.24,550.54,366.32,74.09,69.98,78.0,0.643,3.241,18093,13.8,0,15.0021615931305,71.7,5.6,15.0,104.6,
Słowenia,SVN,1991,1.0,1.0,1.0,3.7,3.0,3.0,216.06,304.1,161.18,91.94,144.12,45.53,143.38,229.25,71.06,32.12,54.15,13.8,130.81,173.33,100.02,441.96,542.18,374.81,73.69,69.6,77.61,0.795,3.241,16402,13.2,1,16.3918318286677,66.1,5.2,,117.7,7.3
Słowenia,SVN,1992,1.0,1.0,1.0,3.7,3.0,3.0,216.94,303.94,161.28,90.0,137.8,47.64,137.61,216.19,71.83,28.76,46.65,13.04,140.56,197.19,102.13,415.9,539.64,337.28,73.77,69.69,77.66,0.824,3.241,15463,13.6,0,17.5382162578652,62.6,7.4,,207.3,8.3
Słowenia,SVN,1993,2.0,2.0,2.0,3.7,4.0,4.0,222.61,316.7,165.03,92.29,145.49,45.08,142.56,226.35,71.33,30.06,51.48,11.62,148.34,201.78,110.62,435.63,546.42,361.01,73.6,69.42,77.65,0.824,3.241,15872,14.3,0,18.1859620289561,66.6,7.1,,32.9,9.1
Słowenia,SVN,1994,2.0,2.7,2.0,3.7,4.0,4.0,211.35,298.26,156.59,94.95,144.07,50.5,143.3,221.84,75.26,30.16,50.37,12.73,140.96,189.76,107.07,404.54,498.46,339.8,74.16,70.18,77.96,0.824,3.241,16665,13.4,0,17.4208981695947,67.0,7.2,,21.0,9.0
Słowenia,SVN,1995,2.0,2.7,2.7,3.7,4.0,4.0,215.8,300.06,161.06,82.43,126.37,44.15,128.84,201.11,68.32,27.21,45.3,11.36,110.18,154.09,80.04,366.35,457.9,304.07,74.9,70.95,78.64,0.831,3.241,17817,13.4,0,17.8103024253508,69.2,7.0,45.0,13.4,7.4
Słowenia,SVN,1996,2.0,2.7,2.7,3.7,4.3,4.3,212.72,302.27,157.31,86.67,131.37,47.21,130.05,202.51,68.82,29.15,47.65,13.14,108.39,151.82,79.24,358.58,442.43,301.22,75.24,71.2,79.07,0.831,3.241,18376,12.0,0,17.7498140253232,68.8,6.9,45.0,9.9,7.3
Słowenia,SVN,1997,2.0,2.7,3.0,3.7,4.3,4.3,218.54,308.18,161.76,83.2,132.68,40.89,125.74,203.16,61.14,28.17,48.27,10.66,122.47,174.5,87.15,337.82,430.96,272.57,75.26,71.18,79.17,0.831,3.241,19259,11.2,0,17.6801599607077,70.2,6.8,50.0,8.4,7.4
Słowenia,SVN,1998,2.3,2.7,3.0,4.0,4.3,4.3,211.32,304.21,152.38,77.51,118.54,40.45,118.87,183.27,63.43,29.0,48.3,12.04,122.83,168.9,90.75,347.32,437.72,284.57,75.34,71.3,79.22,0.831,3.241,19851,8.3,0,17.7086511936463,70.9,6.9,50.0,7.9,7.7
Słowenia,SVN,1999,2.3,2.7,3.0,4.0,4.3,4.3,210.08,294.67,156.49,77.06,120.29,39.42,120.56,189.43,62.07,27.84,45.61,12.43,113.96,167.63,79.65,330.88,424.07,268.93,75.76,71.82,79.51,0.831,3.241,20794,10.6,0,17.8793597502985,69.5,6.7,55.0,6.1,7.6
Słowenia,SVN,2000,2.7,2.7,3.0,4.0,4.3,4.3,204.21,294.17,149.04,70.26,107.54,37.83,115.4,181.24,60.03,27.17,43.61,13.38,104.89,147.33,75.44,314.66,405.98,251.22,76.28,72.3,80.04,0.831,3.241,21501,11.2,0,18.5801348713853,69.3,6.9,60.0,8.9,7.2
Słowenia,SVN,2001,2.7,2.7,3.0,4.0,4.3,4.3,204.08,291.66,150.02,70.76,112.52,33.14,117.48,188.15,55.53,26.53,45.13,10.29,100.15,146.71,68.45,298.42,386.98,239.15,76.48,72.32,80.51,0.831,3.241,22007,13.0,0,19.0166487371692,70.7,7.1,65.0,8.4,6.4
Słowenia,SVN,2002,2.7,3.0,3.0,4.0,4.3,4.3,204.85,294.56,147.28,66.73,106.04,31.67,109.21,175.16,51.99,24.45,41.6,9.07,89.39,130.3,61.92,290.52,372.99,234.83,76.72,72.67,80.65,0.831,3.241,22725,11.6,0,18.8764656164774,71.2,5.8,65.0,7.5,5.9
Słowenia,SVN,2003,2.7,3.0,3.0,4.0,4.3,4.3,203.66,289.11,151.25,70.09,108.9,34.81,111.42,177.34,53.52,25.0,41.88,9.96,94.37,139.95,62.9,295.29,376.26,236.09,76.52,72.6,80.34,0.831,3.241,23257,11.2,0,18.9488478344695,69.1,,65.0,5.6,6.7
Słowenia,SVN,2004,2.7,3.0,3.0,4.0,4.3,4.3,198.81,279.21,147.32,65.15,98.57,33.77,103.98,160.66,52.89,22.69,34.29,11.85,82.45,115.08,58.36,276.99,353.88,222.64,77.32,73.58,80.86,0.831,3.241,24151,13.5,0,18.967640025862,72.9,,65.0,3.7,
Słowenia,SVN,2005,2.7,3.0,3.0,4.0,4.3,4.3,196.96,272.75,148.21,61.84,94.28,32.59,93.77,147.73,46.71,21.98,36.6,8.93,80.2,116.96,54.02,288.02,360.44,235.12,77.57,74.04,80.92,0.831,3.241,24967,10.3,0,19.0441682578157,72.7,,,,
Słowenia,SVN,2006,2.7,3.0,3.0,4.0,4.3,4.3,197.96,277.42,145.42,66.39,105.26,31.38,99.15,158.39,46.59,22.79,38.2,9.19,68.22,98.61,45.26,261.2,321.96,212.47,78.35,74.55,82.02,0.831,3.241,26183,12.2,0,18.7581500100337,74.1,,,,
Słowenia,SVN,2007,2.7,3.0,3.0,4.0,4.3,4.3,202.45,288.37,145.54,65.86,100.86,33.66,101.18,158.96,49.45,18.4,30.11,7.88,67.18,97.44,43.81,259.15,321.58,210.62,78.53,74.79,82.14,0.831,3.241,27833,11.0,0,17.522268498338,75.8,,,,
Słowenia,SVN,2008,2.7,3.0,3.0,4.0,4.3,4.3,201.56,276.44,151.53,59.86,91.35,30.0,94.93,149.7,45.01,17.19,28.75,6.64,67.31,101.98,41.67,234.65,290.37,191.47,79.3,75.75,82.71,0.828,3.241,28474,11.0,0,18.2486517559431,75.4,,,,
Słowenia,SVN,2009,2.7,3.0,3.0,4.0,4.3,4.3,198.42,277.69,145.46,61.13,92.68,32.31,95.58,149.4,47.38,18.71,30.64,7.33,64.42,93.7,41.86,231.77,278.22,192.47,79.46,76.02,82.77,0.909,2.517,25906,10.5,0,20.3966028910296,74.9,,,,
Słowenia,SVN,2010,3.0,3.0,3.0,4.0,4.3,4.3,195.99,270.04,145.6,56.31,87.04,28.67,90.95,143.72,44.03,17.17,29.32,6.09,63.47,94.87,40.5,218.4,269.18,178.05,79.96,76.56,83.2,0.93,2.114,26001,10.3,0,20.5968980752648,74.3,,,,
Słowenia,SVN,2011,3.0,3.0,3.0,4.0,4.3,4.3,189.99,261.67,142.3,59.0,91.17,31.15,91.13,143.35,46.02,17.46,29.7,6.61,61.81,91.66,39.75,207.18,249.75,171.49,80.24,76.9,83.41,0.876,2.114,26004,10.6,0,20.7174320914296,72.5,,,,
Słowenia,SVN,2012,2.7,3.0,3.0,4.0,4.3,4.3,185.94,254.3,140.01,55.08,82.43,29.64,90.02,140.18,44.0,17.85,30.51,6.34,60.39,89.56,38.73,205.84,242.94,174.55,80.39,77.22,83.37,0.907,2.114,25252,11.0,0,20.5364965325746,72.1,,,,
Słowenia,SVN,2013,2.7,3.0,3.0,4.0,4.3,4.3,188.42,255.38,142.55,50.93,76.58,27.16,83.94,130.69,41.22,18.03,30.59,6.27,56.27,85.07,34.16,198.39,238.68,164.0,80.56,77.31,83.7,0.898,2.396,24944,9.5,0,19.8659414498386,71.5,,,,
Słowenia,SVN,2014,2.7,3.0,3.0,4.0,4.3,4.3,177.6,241.0,134.43,42.94,64.27,22.65,71.95,113.12,34.13,15.57,27.13,4.61,52.52,78.42,32.38,198.26,231.68,167.66,81.34,78.31,84.23,0.891,2.396,25693,10.9,0,19.0721509937972,73.1,,,,
Ukraina,UKR,1989,1.0,1.0,1.0,1.0,1.0,1.0,182.34,274.0,129.41,101.57,172.75,41.65,,,,20.97,36.95,8.38,339.47,445.86,278.79,625.87,770.4,542.46,70.97,66.17,75.26,,,10082,5.3,0,17.3414173023013,83.2,,,,
Ukraina,UKR,1990,1.0,1.0,1.0,1.0,1.0,1.0,184.4,276.1,130.29,107.38,183.4,43.02,,,,20.53,36.45,7.79,317.13,426.67,253.34,589.03,741.71,499.0,70.53,65.67,74.97,0.17,3.58,9607,5.7,0,16.5269461077844,81.9,,10.0,,
Ukraina,UKR,1991,1.0,1.0,1.0,1.0,1.0,1.0,188.43,281.59,132.73,117.49,201.06,46.33,139.7,240.54,57.81,20.53,36.65,7.51,332.25,450.67,263.01,610.87,779.95,511.17,69.68,64.7,74.36,0.314,3.58,8899,5.9,0,17.4247491638796,80.5,3.3,10.0,91.0,0.0
Ukraina,UKR,1992,2.0,1.0,1.0,1.0,1.0,1.0,188.13,281.48,131.73,128.46,220.91,49.7,152.19,264.27,61.33,22.27,39.8,8.34,347.1,473.68,271.48,624.73,802.13,517.08,69.09,63.91,74.08,0.451,2.451,8130,5.5,0,17.5581164315518,78.5,,10.0,1210.0,0.3
Ukraina,UKR,1993,2.0,1.0,1.0,1.0,2.0,1.0,185.3,275.39,130.35,130.85,224.81,50.88,156.49,271.9,63.38,23.72,42.87,8.34,406.67,542.37,325.65,706.01,890.46,593.02,68.32,63.21,73.33,0.44,1.881,7090,5.5,0,15.9833550275505,76.2,3.3,15.0,4735.0,0.3
Ukraina,UKR,1994,2.0,1.0,1.0,2.7,2.0,1.0,185.52,275.44,130.52,143.33,246.96,54.68,170.1,296.62,67.4,26.41,48.19,8.91,441.03,584.28,354.14,745.98,940.28,624.59,67.71,62.46,72.97,0.417,1.881,5585,4.2,0,19.3616050920069,73.1,,40.0,891.0,1.3
Ukraina,UKR,1995,2.0,2.0,2.0,3.7,2.0,3.0,182.61,268.96,129.33,159.93,278.29,59.4,192.58,336.85,75.23,28.01,52.13,8.54,465.13,620.45,370.09,779.3,996.84,641.9,66.87,61.33,72.58,0.417,1.881,5024,3.7,0,21.2696475667331,76.8,,45.0,377.0,0.5
Ukraina,UKR,1996,2.0,2.0,2.0,3.7,3.0,3.0,176.77,260.01,124.8,155.29,268.61,59.23,188.4,329.86,74.61,29.23,54.37,8.79,469.95,624.99,374.2,773.37,985.15,638.08,67.18,61.67,72.85,0.453,1.675,4637,3.3,0,21.7593449379899,77.2,3.8,50.0,80.0,0.3
Ukraina,UKR,1997,2.3,2.0,2.3,4.0,3.3,3.0,174.21,255.31,124.19,145.24,251.29,55.73,176.47,307.42,70.59,28.77,52.87,9.15,475.45,627.18,381.26,770.69,977.06,637.57,67.77,62.38,73.25,0.45,1.675,4612,4.0,0,27.3989189739196,76.7,3.5,55.0,16.0,2.3
Ukraina,UKR,1998,2.3,2.0,2.3,4.0,3.3,2.7,173.31,253.27,123.98,136.36,235.67,52.0,163.98,285.9,64.99,28.62,52.16,9.34,459.86,600.02,371.61,745.01,933.75,622.06,68.62,63.34,73.9,0.45,1.675,4640,3.7,0,24.6079158422115,74.9,3.5,55.0,10.6,3.7
Ukraina,UKR,1999,2.3,2.0,2.3,4.0,3.3,3.0,174.39,254.77,125.01,139.12,241.59,51.82,168.14,294.05,65.73,27.78,51.0,8.63,482.89,631.73,388.91,767.32,963.36,637.91,68.19,62.8,73.67,0.43,1.675,4751,3.9,0,19.8295030741632,65.6,3.1,55.0,22.7,4.3
Ukraina,UKR,2000,2.3,2.0,2.7,4.0,3.3,3.0,173.15,253.62,123.6,143.37,248.74,53.78,175.28,307.22,68.88,28.03,51.62,8.64,504.53,659.94,404.58,789.4,997.16,649.99,67.88,62.33,73.62,0.452,2.027,5166,6.7,0,17.8966433502907,67.1,4.2,60.0,28.2,4.2
Ukraina,UKR,2001,2.3,2.0,3.0,4.0,3.3,3.0,169.0,246.55,121.06,146.12,253.94,54.71,180.73,318.83,71.2,25.49,47.75,7.2,497.81,650.09,399.79,775.16,978.99,638.64,68.09,62.57,73.78,0.452,2.027,5794,7.0,0,18.9037528116491,67.1,,60.0,12.0,3.7
Ukraina,UKR,2002,2.3,2.0,3.0,4.0,3.7,3.3,166.9,244.55,119.68,153.17,267.82,56.95,186.73,323.2,74.27,24.46,45.65,7.24,516.93,696.68,407.78,799.57,1039.38,647.94,67.85,62.18,73.72,0.452,2.027,6263,6.7,0,17.6870050995567,68.0,,65.0,0.8,3.8
Ukraina,UKR,2003,2.3,2.0,3.0,4.0,4.0,3.3,164.25,238.85,118.59,145.78,253.68,55.44,181.73,311.27,75.1,24.05,44.88,7.1,530.82,710.42,421.31,819.59,1062.32,665.6,67.83,62.29,73.55,0.452,2.027,7030,6.4,0,18.2398009770871,68.2,,65.0,5.2,3.6
Ukraina,UKR,2004,2.3,2.0,3.0,4.0,4.0,3.3,162.67,236.48,117.8,143.77,250.57,54.05,185.35,316.93,76.69,22.02,41.38,6.13,522.85,706.66,409.14,807.88,1062.49,645.69,67.71,62.03,73.63,0.452,2.027,8049,6.1,0,16.8907882666189,67.0,,65.0,8.1,
Ukraina,UKR,2005,2.3,2.0,3.0,4.0,4.0,3.7,162.47,236.84,117.29,141.16,246.28,53.13,,,,20.8,39.16,5.84,543.7,737.29,424.71,827.06,1093.67,656.26,67.29,61.52,73.36,0.633,2.027,8497,6.8,0,17.5271415295468,68.0,,,,
Ukraina,UKR,2006,2.3,2.0,3.0,4.0,4.0,3.7,159.87,231.67,116.34,130.33,227.33,49.18,,,,19.54,36.51,5.66,529.44,713.33,415.82,801.63,1057.17,637.38,67.99,62.34,73.83,0.602,2.027,9356,7.4,0,17.6479333401768,68.1,,,,
Ukraina,UKR,2007,2.3,2.0,3.0,4.0,4.0,3.7,158.85,229.48,116.06,133.44,234.65,47.97,,,,19.61,36.72,5.41,522.4,710.72,405.65,791.51,1052.5,622.71,67.67,61.84,73.76,0.602,1.771,10356,8.1,0,17.0338141354216,68.9,,,,
Ukraina,UKR,2008,2.3,2.0,3.0,4.0,4.0,4.3,157.28,226.27,115.6,123.94,217.61,45.36,,,,18.49,34.28,5.61,516.49,700.19,401.71,781.29,1038.07,614.09,68.07,62.34,74.01,0.607,1.62,10824,9.4,0,16.9735340157991,69.4,,,,
Ukraina,UKR,2009,2.3,2.3,3.0,4.0,4.0,4.0,156.61,225.24,115.29,98.41,172.34,36.56,,,,19.02,35.19,5.76,493.45,662.24,390.12,737.58,969.98,589.77,69.69,64.41,74.92,0.607,1.62,9381,9.0,0,19.4404260845876,67.4,,,,
Ukraina,UKR,2010,2.3,2.3,3.0,4.0,4.0,4.0,156.39,224.75,115.25,88.43,154.36,33.2,,,,17.88,33.11,5.34,491.9,656.33,391.47,732.71,956.68,590.68,70.32,65.24,75.26,0.479,1.46,9601,7.8,0,19.6666919510791,68.2,,,,
Ukraina,UKR,2011,2.3,2.3,3.0,4.0,4.0,4.0,155.87,225.26,113.91,85.09,148.92,31.87,,,,17.68,32.33,5.64,459.46,610.07,365.98,682.79,889.96,549.41,71.12,66.04,76.0,0.482,1.46,10333,8.8,0,17.6915870255815,66.1,,,,
Ukraina,UKR,2012,2.3,2.3,3.0,4.0,4.0,4.0,161.32,232.83,118.27,83.43,145.07,31.83,,,,17.81,32.44,5.73,450.07,599.65,355.99,667.11,873.25,532.6,71.29,66.2,76.19,0.482,1.57,10383,8.6,0,18.9399463777572,66.7,,,,
Ukraina,UKR,2013,2.3,2.3,3.0,4.0,4.0,4.0,,,,,,,,,,,,,,,,,,,,,,0.547,1.57,10404,8.8,0,18.8979527234302,70.6,,,,
Ukraina,UKR,2014,2.3,2.3,3.0,4.0,4.0,4.0,152.99,221.25,111.75,85.42,149.35,30.74,,,,16.56,29.96,5.59,457.15,613.66,359.37,673.67,888.55,534.55,71.44,66.28,76.46,0.782,1.438,9818,7.6,1,18.6657760497569,64.8,,,,
Węgry,HUN,1989,1.0,1.0,1.0,2.7,1.0,2.0,259.62,356.13,191.9,115.41,165.67,70.13,220.75,336.59,120.07,39.96,62.67,20.4,234.78,326.81,166.64,624.52,785.71,506.27,69.66,65.5,73.98,0.513,1.235,11003,14.1,0,,83.0,5.2,,18.1,
Węgry,HUN,1990,1.0,1.0,2.0,4.0,1.0,3.0,266.68,369.47,194.36,121.05,176.95,71.4,229.89,354.25,122.57,38.13,61.31,18.74,239.66,332.21,171.11,643.93,806.34,524.48,69.45,65.21,73.87,0.793,1.982,10296,13.9,0,,82.9,6.1,25.0,33.4,
Węgry,HUN,1991,2.0,2.0,2.0,4.3,1.0,4.0,270.2,376.31,195.49,117.15,170.83,68.89,230.89,356.26,122.24,36.73,58.67,17.97,243.48,338.39,173.21,635.51,801.44,514.43,69.5,65.15,74.04,0.792,1.982,9256,13.3,0,24.8379533180649,79.6,6.3,30.0,35.0,7.4
Węgry,HUN,1992,2.0,3.0,2.0,4.3,2.0,4.0,277.04,386.15,200.51,118.24,174.9,68.36,246.59,386.04,126.88,36.83,59.93,17.2,247.79,346.44,175.61,635.18,803.97,510.96,69.17,64.66,73.95,0.792,1.982,9154,13.0,0,25.6670327987146,71.1,6.8,40.0,23.0,12.3
Węgry,HUN,1993,2.0,3.0,3.0,4.3,3.0,4.0,275.48,381.28,201.13,110.87,165.31,63.48,247.41,390.49,125.68,33.96,55.53,15.75,257.79,359.86,183.53,640.48,816.39,512.32,69.17,64.63,73.97,0.792,1.982,9294,13.1,0,27.6366628899357,63.9,6.7,50.0,22.5,12.1
Węgry,HUN,1994,3.0,3.0,3.0,4.3,3.7,4.3,276.78,385.93,200.34,106.31,160.06,59.4,245.18,390.91,120.65,33.19,55.56,14.41,246.61,340.51,178.86,604.71,768.44,486.2,69.64,65.02,74.5,0.792,1.982,9772,12.9,0,25.3907577917523,58.4,7.2,55.0,18.8,10.4
Węgry,HUN,1995,3.0,3.0,4.0,4.3,3.7,4.3,276.19,386.16,200.56,100.88,149.56,57.98,237.26,376.79,117.96,30.47,50.1,14.1,248.74,344.61,179.39,591.98,752.46,475.57,70.05,65.48,74.83,0.792,1.982,10135,12.2,0,22.7949765557116,57.2,6.3,60.0,28.2,10.4
Węgry,HUN,1996,3.0,3.0,4.0,4.3,4.0,4.3,277.98,391.13,199.99,94.91,141.37,54.44,176.86,280.7,89.31,30.94,50.8,14.09,250.6,337.35,187.18,587.36,738.34,476.97,70.65,66.32,75.07,0.792,1.982,10359,12.5,0,21.5524505456692,56.6,5.9,70.0,23.6,10.5
Węgry,HUN,1997,3.0,3.0,4.0,4.3,4.3,4.3,277.15,391.11,199.08,90.08,135.36,50.94,172.94,275.7,86.97,28.76,48.2,12.67,244.81,332.1,182.36,561.61,711.92,453.39,71.06,66.68,75.53,0.792,1.982,10942,12.3,0,21.2097985664491,56.5,5.7,75.0,18.3,10.4
Węgry,HUN,1998,3.0,3.3,4.0,4.3,4.3,4.3,275.87,390.02,197.79,90.34,139.12,47.99,175.91,282.82,85.72,29.3,49.4,12.15,247.06,333.5,184.98,565.68,721.38,453.97,70.97,66.45,75.6,0.792,1.982,11663,12.2,0,20.8824814204097,57.4,5.5,80.0,14.3,9.1
Węgry,HUN,1999,3.0,3.3,4.0,4.3,4.3,4.3,284.54,401.79,205.17,92.29,141.01,50.34,179.99,289.3,88.76,30.58,52.36,12.45,254.08,342.95,190.94,588.38,744.54,477.02,70.75,66.37,75.23,0.792,1.982,12317,12.2,0,21.2197129970005,59.2,5.3,80.0,10.0,7.0
Węgry,HUN,2000,3.0,3.3,4.0,4.3,4.3,4.3,278.74,394.15,201.18,84.87,128.0,47.44,164.72,262.89,82.67,29.92,50.4,12.61,238.4,318.33,181.5,548.25,696.96,443.14,71.49,67.2,75.82,0.792,1.982,13129,12.0,0,21.1714871886978,59.8,5.1,80.0,9.8,6.4
Węgry,HUN,2001,3.0,3.3,4.0,4.3,4.3,4.3,265.59,374.4,191.67,80.62,122.94,44.25,151.77,241.08,77.22,26.57,45.55,10.77,225.46,298.56,173.28,503.83,635.21,409.34,72.56,68.32,76.75,0.792,1.982,13934,13.2,0,21.0636287555601,60.1,5.1,80.0,9.2,5.7
Węgry,HUN,2002,3.0,3.3,4.0,4.3,4.3,4.3,262.26,370.62,188.47,81.52,122.38,46.05,149.41,238.26,75.4,25.39,43.73,10.13,221.7,292.67,171.28,503.89,638.57,408.12,72.64,68.39,76.84,0.792,1.982,14899,13.3,0,21.855542036297,60.4,,80.0,5.3,5.8
Węgry,HUN,2003,3.0,3.3,4.0,4.3,4.3,4.3,263.81,370.77,191.38,79.94,121.21,44.41,149.48,236.29,76.89,24.8,42.78,9.74,232.66,309.15,178.48,508.29,647.5,409.53,72.59,68.39,76.74,0.792,1.982,15830,13.2,0,23.0395033323141,61.4,,80.0,4.7,5.9
Węgry,HUN,2004,3.3,3.3,4.0,4.3,4.3,4.3,260.77,367.13,187.8,76.79,117.53,41.77,143.43,229.07,72.17,24.34,41.37,10.14,233.57,309.18,180.33,486.95,618.52,393.64,73.03,68.77,77.22,0.792,1.982,16999,13.2,0,22.0441935715458,61.2,,80.0,6.8,
Węgry,HUN,2005,3.3,3.7,4.0,4.3,4.3,4.3,237.44,330.82,172.68,67.89,107.92,34.13,129.42,211.21,61.84,23.18,39.98,9.2,261.33,347.19,201.45,502.43,643.87,401.39,73.01,68.75,77.23,0.77,1.435,18141,13.0,0,22.1446969663743,61.3,,,,
Węgry,HUN,2006,3.3,3.7,4.0,4.3,4.3,4.3,239.89,337.06,172.92,64.93,103.45,31.74,125.64,205.07,59.2,21.77,36.46,9.39,240.71,318.96,185.19,460.24,590.71,366.41,73.57,69.25,77.83,0.77,1.402,19253,13.2,0,22.0122861042098,61.7,,,,
Węgry,HUN,2007,3.3,3.7,4.0,4.3,4.3,4.3,240.89,336.55,175.89,62.51,98.86,31.27,124.02,202.05,59.21,21.4,36.75,8.55,226.59,302.73,172.45,449.85,584.45,353.97,73.65,69.41,77.81,0.77,1.402,19764,12.6,0,20.7877161589285,61.8,,,,
Węgry,HUN,2008,3.3,3.7,4.0,4.3,4.3,4.3,241.73,337.14,176.54,60.85,97.18,30.38,118.24,193.96,56.05,21.53,37.15,8.59,216.95,288.67,166.4,428.58,553.88,339.28,74.23,70.02,78.31,0.77,1.402,20381,11.8,0,21.3871831168946,61.3,,,,
Węgry,HUN,2009,3.3,3.7,4.0,4.3,4.3,4.3,243.16,339.27,178.21,58.96,93.84,29.3,114.35,188.02,53.49,21.79,37.1,8.84,214.81,288.93,163.04,421.21,548.34,331.01,74.45,70.29,78.46,0.77,1.402,19461,11.5,0,22.0633713417813,60.0,,,,
Węgry,HUN,2010,3.7,3.7,4.0,4.3,4.3,4.3,238.86,333.13,174.89,57.35,90.23,29.18,108.75,177.75,51.36,21.7,37.42,8.47,215.05,281.82,167.35,418.73,534.72,334.59,74.78,70.77,78.62,0.706,1.402,20036,10.8,0,21.4452733386217,60.4,,,,
Węgry,HUN,2011,3.7,3.7,4.0,4.3,4.3,4.3,238.66,328.6,177.81,54.01,84.74,28.3,100.4,163.37,48.69,21.24,35.76,8.74,207.49,275.22,159.07,402.07,516.22,319.3,75.15,71.28,78.82,0.679,1.402,20886,11.4,0,20.6306576272386,60.6,,,,
Węgry,HUN,2012,3.7,3.7,4.0,4.3,4.3,4.3,238.68,327.72,178.2,52.17,82.0,27.0,92.89,151.68,44.31,20.24,34.48,8.19,205.76,270.01,160.59,400.94,509.37,323.42,75.33,71.65,78.81,0.679,1.402,20631,11.1,0,20.0094207331442,62.4,,,,
Węgry,HUN,2013,3.3,3.7,4.0,4.0,4.3,4.0,232.62,315.88,176.38,48.41,75.31,25.74,85.81,140.61,41.01,17.92,30.0,7.69,197.27,262.04,152.16,387.05,494.12,310.69,75.81,72.2,79.2,0.599,1.085,21126,10.6,0,19.7285704568356,64.1,,,,
Węgry,HUN,2014,3.3,3.7,4.0,4.0,4.3,4.0,229.86,309.7,175.66,46.07,73.94,23.19,83.77,138.78,39.03,16.51,27.85,6.88,194.24,256.76,150.3,380.5,486.86,304.08,76.02,72.36,79.46,0.568,1.085,22040,10.9,0,19.9810520498971,68.4,,,,
Łotwa,LVA,1989,1.0,1.0,1.0,1.0,1.0,1.0,198.49,294.78,143.93,129.16,210.65,59.74,,,,25.51,40.79,13.48,370.54,516.07,283.34,651.87,840.36,538.7,70.51,65.41,75.22,,,15661,7.5,0,,-,,,,
Łotwa,LVA,1990,1.0,1.0,1.0,1.0,1.0,1.0,194.23,287.95,142.11,138.32,230.81,59.5,,,,25.76,45.87,9.54,390.93,552.63,294.1,673.17,885.25,544.98,69.58,64.26,74.64,0.565,1.632,15806,6.7,0,,-,2.5,10.0,,
Łotwa,LVA,1991,1.0,1.0,1.0,2.7,1.0,1.0,198.16,303.29,139.01,156.37,264.41,64.46,173.92,295.78,72.72,28.11,48.77,11.38,375.96,525.31,284.91,652.94,853.29,530.07,69.18,63.66,74.53,0.702,1.632,13775,6.7,0,,-,2.6,,172.0,0.6
Łotwa,LVA,1992,2.0,2.0,2.0,4.0,2.0,2.0,197.39,301.24,137.87,168.46,285.22,68.63,185.18,313.86,77.09,34.86,60.64,13.5,386.36,567.53,276.15,663.42,893.95,521.36,68.59,62.74,74.41,0.694,1.632,9411,6.9,0,,-,2.8,,951.2,3.9
Łotwa,LVA,1993,2.0,2.0,2.0,4.3,3.0,3.0,193.89,291.5,138.31,211.16,359.4,85.72,236.83,402.27,99.24,42.17,75.16,15.34,430.15,644.74,298.87,743.67,1028.06,566.72,66.7,60.52,73.19,0.653,1.632,8439,8.0,0,,-,4.1,,109.2,5.8
Łotwa,LVA,1994,2.0,2.0,2.0,4.3,4.0,4.0,198.21,301.23,140.18,234.93,403.71,93.64,270.31,464.9,111.09,40.22,73.52,12.85,459.53,686.33,322.05,796.92,1116.16,599.46,65.62,59.21,72.59,0.676,1.632,8704,9.6,0,,-,4.1,40.0,35.9,6.5
Łotwa,LVA,1995,2.0,2.0,2.0,4.3,4.0,4.0,195.26,294.61,142.21,204.1,348.79,81.95,239.48,408.11,100.57,40.14,72.65,13.51,405.86,598.8,286.56,749.94,1039.17,569.99,66.44,60.22,73.01,0.715,1.632,8709,9.1,0,24.3091375509984,-,4.0,55.0,25.0,6.6
Łotwa,LVA,1996,2.0,3.0,3.0,4.3,4.0,4.0,195.27,293.26,138.73,154.17,259.87,64.16,183.89,311.94,78.14,36.41,66.06,12.44,344.75,520.87,241.76,652.14,903.43,502.16,68.8,63.01,74.53,0.716,1.632,8947,8.4,0,22.6105142061952,64.1,4.0,60.0,17.6,7.2
Łotwa,LVA,1997,2.3,2.7,3.0,4.3,4.0,4.0,192.94,285.38,142.26,154.6,256.99,68.53,180.65,303.43,79.9,34.89,63.11,12.0,338.05,498.52,243.98,629.32,846.44,496.01,69.44,63.91,74.82,0.716,1.843,9773,8.4,0,21.6150158493476,67.4,3.8,60.0,8.4,7.0
Łotwa,LVA,1998,2.3,2.7,3.0,4.3,4.0,4.0,196.72,286.37,146.7,158.46,267.07,65.56,188.15,316.49,81.52,33.47,60.42,11.2,357.47,508.65,265.41,638.95,848.02,508.07,69.11,63.55,74.61,0.716,1.843,10430,8.9,0,23.25351553711,67.5,3.3,65.0,4.7,13.8
Łotwa,LVA,1999,2.3,2.7,3.0,4.3,4.0,4.3,198.05,303.47,138.9,156.31,260.13,68.54,185.94,310.43,83.54,30.0,52.88,11.38,326.99,472.81,239.73,604.67,813.15,477.32,70.18,64.76,75.43,0.753,1.843,10708,8.8,0,23.185658931445,66.5,4.1,65.0,2.4,14.4
Łotwa,LVA,2000,2.3,2.7,3.0,4.3,4.3,4.3,192.93,290.32,139.81,153.03,262.88,62.28,180.46,310.79,75.12,30.85,57.16,9.9,323.32,471.42,235.39,599.25,813.54,470.16,70.51,64.84,76.03,0.753,1.843,11310,7.1,0,21.4196678660864,64.9,3.5,65.0,2.6,14.4
Łotwa,LVA,2001,2.3,2.7,3.0,4.3,4.3,4.3,199.98,305.95,142.41,151.9,256.81,63.49,183.94,309.19,80.83,28.84,52.63,9.13,313.53,462.55,223.19,621.41,838.62,486.84,69.95,64.29,75.52,0.753,1.843,12104,6.7,0,20.9705592163701,66.9,3.4,65.0,2.5,12.9
Łotwa,LVA,2002,2.3,2.7,3.3,4.3,4.3,4.3,196.01,295.53,140.19,151.83,253.73,66.26,176.05,296.39,77.89,27.67,48.75,10.25,301.88,448.61,212.76,613.11,837.81,473.69,70.25,64.51,75.9,0.753,1.843,13015,7.4,0,21.3131866017934,69.4,3.6,70.0,1.9,12.2
Łotwa,LVA,2003,2.7,3.0,3.7,4.3,4.3,4.3,196.82,297.31,141.82,138.65,230.71,63.78,162.88,273.38,75.16,24.52,44.93,8.35,298.59,431.32,217.68,607.48,819.73,476.17,70.73,65.43,75.79,0.753,1.843,14142,8.2,0,22.0849455815967,70.9,,70.0,3.0,10.6
Łotwa,LVA,2004,2.7,3.0,3.7,4.3,4.3,4.3,196.74,303.09,139.4,132.34,220.33,59.35,156.92,263.73,70.98,22.87,42.51,7.04,299.55,451.63,211.21,593.9,821.34,454.95,70.98,65.63,76.09,0.803,1.998,15371,8.8,0,20.6903575535647,72.0,,70.0,6.2,
Łotwa,LVA,2005,3.0,3.0,3.7,4.3,4.3,4.3,197.94,305.85,139.24,134.79,229.95,55.13,161.51,273.06,70.35,23.18,41.39,7.66,295.46,450.04,204.13,596.15,836.37,445.74,70.72,65.0,76.38,0.77,1.998,17070,9.9,0,18.6297888598336,73.4,,,,
Łotwa,LVA,2006,3.0,3.0,3.7,4.3,4.3,4.3,204.02,308.04,148.22,135.37,234.3,53.76,163.93,279.67,70.51,19.94,38.04,5.23,287.03,425.26,200.49,579.67,807.59,431.79,70.6,64.96,76.19,0.77,1.998,19129,10.4,0,18.1781962805696,77.6,,,,
Łotwa,LVA,2007,3.0,3.0,3.7,4.3,4.3,4.3,197.54,299.15,142.49,118.71,203.07,48.29,151.9,256.93,66.55,18.52,34.0,6.35,305.98,454.57,215.65,580.27,807.26,432.1,70.85,65.32,76.29,0.77,1.998,21042,12.1,0,18.600884165274,75.9,,,,
Łotwa,LVA,2008,3.0,3.0,3.7,4.3,4.3,4.3,196.23,303.91,137.86,102.75,176.89,41.13,133.58,227.99,57.7,21.79,40.17,6.71,269.95,411.38,187.6,518.64,742.25,381.44,72.13,66.5,77.57,0.797,1.998,20342,11.8,0,20.7010687057421,76.7,,,,
Łotwa,LVA,2009,3.3,3.0,3.7,4.3,4.3,4.3,198.8,297.88,146.91,91.34,158.26,35.78,121.74,209.31,51.57,21.92,39.98,7.03,261.65,393.17,181.76,493.45,700.1,362.6,72.81,67.52,77.76,0.806,1.998,17582,9.9,0,19.5738971708732,67.8,,,,
Łotwa,LVA,2010,3.3,3.0,3.7,4.3,4.3,4.3,199.97,300.35,147.6,90.42,159.32,33.78,121.19,214.4,47.37,18.81,36.54,4.21,256.52,391.62,178.61,492.92,704.38,362.3,73.16,67.93,78.03,0.816,1.998,17140,9.8,0,18.7899697736523,65.4,,,,
Łotwa,LVA,2011,3.7,3.0,3.7,4.3,4.3,4.3,194.3,293.95,140.89,79.19,138.58,30.26,110.0,192.45,44.33,18.73,35.72,5.05,246.33,374.7,172.3,466.18,664.36,344.37,73.92,68.64,78.8,0.806,1.998,18428,10.1,0,19.2557040077919,68.1,,,,
Łotwa,LVA,2012,3.7,3.3,3.7,4.3,4.3,4.3,194.52,297.9,139.65,81.98,141.04,32.51,110.7,191.39,46.06,19.45,36.58,5.02,243.01,354.74,174.34,470.47,654.93,353.43,74.13,68.92,78.95,0.806,1.998,19405,10.2,0,17.988056098072,70.6,,,,
Łotwa,LVA,2013,3.7,3.3,3.7,4.3,4.3,4.3,192.48,292.02,138.07,77.89,131.79,33.9,107.48,182.62,48.39,16.97,31.82,4.61,231.81,336.82,167.33,462.4,627.81,352.63,74.42,69.4,79.04,0.838,1.79,20129,10.4,0,18.2811109375838,73.5,,,,
Łotwa,LVA,2014,3.7,3.3,3.7,4.3,4.3,4.3,191.74,293.86,136.41,81.82,142.91,30.41,110.93,193.05,44.41,17.19,31.41,5.3,222.22,325.63,158.49,447.47,616.01,338.01,74.77,69.47,79.71,0.84,1.911,20751,10.6,0,18.4883353835292,74.2,,,,
