Kraj,Country_Code,Year,Competition Policy,Governance and enterprise restructuring,Large scale privatisation,Price liberalisation,Small scale privatisation,Trade & Forex system,SDR_Malignant_Neoplasms,SDR_External_Causes,SDR_Alcohol_Related,SDR_Suicide,SDR_Ischaemic_Heart,SDR_Circulatory_System,Life_Expectancy,Civil_Society_Participation,Health_Equality,GDP_Per_Capita,Alcohol_Consumption,War,Gov_Expenditure,Employment_Rate,Public_Health_Expenditure,Private_Sector_Share_GDP,Inflation,Unemployment_Rate
Białoruś,BLR,1989,1.0,1.0,1.0,1.0,1.0,1.0,173.91,99.88,,22.57,363.44,567.98,71.83,,,11893,,0,,84.2,,,,
Białoruś,BLR,1990,1.0,1.0,1.0,1.0,1.0,1.0,176.56,103.4,,21.25,335.99,544.7,71.24,0.493,1.616,11467,,0,23.7875288683603,83.7,2.5,5.0,,
Białoruś,BLR,1991,1.0,1.0,1.0,1.0,1.0,1.0,178.39,111.8,124.21,21.98,325.59,541.2,70.68,0.51,1.616,11171,,0,22.2222222222222,81.9,,5.0,84.0,0.1
Białoruś,BLR,1992,1.0,1.0,1.0,2.3,1.0,1.0,184.46,123.78,135.54,24.5,325.33,535.24,70.36,0.626,1.616,9961,,0,15.2173913043478,79.8,,10.0,971.0,0.5
Białoruś,BLR,1993,2.0,1.0,1.7,2.3,2.0,1.0,182.77,135.75,148.63,29.0,378.14,607.85,69.21,0.626,1.616,9077,,0,18.4771573604061,78.6,,10.0,1190.0,1.4
Białoruś,BLR,1994,2.0,1.0,1.7,2.7,2.0,1.0,182.14,143.4,156.34,31.66,387.61,610.24,68.99,0.626,1.616,7932,,0,20.5136851570842,76.3,5.4,15.0,2221.0,2.1
Białoruś,BLR,1995,2.0,1.7,1.7,3.7,2.0,2.0,187.3,150.64,165.54,32.25,395.39,620.36,68.58,0.609,1.616,6994,,0,20.5497392980404,71.5,4.9,15.0,709.0,2.7
Białoruś,BLR,1996,2.0,1.7,1.0,3.7,2.0,2.0,180.34,155.7,170.6,36.44,487.52,710.27,68.61,0.448,1.616,7128,,0,20.5516083799436,70.8,5.0,15.0,53.0,3.9
Białoruś,BLR,1997,2.0,1.0,1.0,4.0,2.0,1.0,183.18,156.38,173.78,35.02,404.1,636.49,68.57,0.484,1.616,7885,,0,20.3219474961154,70.9,5.1,20.0,64.0,2.8
Białoruś,BLR,1998,2.0,1.0,1.0,2.7,2.0,1.0,182.44,167.0,185.98,35.11,416.43,652.92,68.55,0.485,1.616,8482,,0,19.8646749107398,71.5,4.9,20.0,73.0,2.3
Białoruś,BLR,1999,2.0,1.0,1.0,2.3,2.0,1.0,185.51,169.06,190.79,33.67,454.54,693.27,67.99,0.325,1.616,8690,,0,19.5036522690862,71.7,5.0,20.0,293.7,2.1
Białoruś,BLR,2000,2.0,1.0,1.0,2.3,2.0,1.7,180.27,156.29,177.15,34.14,430.92,658.07,68.99,0.288,1.616,9111,,0,19.4785302940726,71.5,5.0,20.0,168.6,2.1
Białoruś,BLR,2001,2.0,1.0,1.0,2.7,2.0,2.0,178.98,163.8,187.85,32.28,456.41,693.76,68.53,0.281,1.616,9462,,0,21.5527682668344,70.9,,20.0,61.4,2.3
Białoruś,BLR,2002,2.0,1.0,1.0,2.7,2.0,2.3,176.18,167.92,,32.09,461.76,706.89,68.01,0.281,1.616,9870,,0,21.0292941775096,70.0,,25.0,42.6,3.0
Białoruś,BLR,2003,2.0,1.0,1.0,2.7,2.3,2.3,169.47,161.6,,33.34,456.26,693.48,68.53,0.281,1.616,10493,,0,21.3793046864744,68.9,,25.0,28.5,3.1
Białoruś,BLR,2004,2.0,1.0,1.0,2.7,2.3,2.3,170.51,162.18,,31.56,424.72,671.67,68.97,0.281,1.616,11616,,0,20.6031789213431,68.1,,25.0,19.3,
Białoruś,BLR,2005,2.0,1.0,1.0,2.7,2.3,2.3,147.95,165.62,,28.95,,691.15,68.84,0.281,1.616,12630,,0,20.785312392899,69.2,,,,
Białoruś,BLR,2006,2.0,1.0,1.0,2.7,2.3,2.3,,,,,,,,0.281,1.616,13793,,0,19.2073624585262,70.0,,,,
Białoruś,BLR,2007,2.0,1.0,1.0,2.7,2.3,2.3,161.99,138.72,,25.26,396.49,590.18,70.38,0.281,1.616,14857,,0,18.5231764837859,70.8,,,,
Białoruś,BLR,2008,2.0,1.7,1.7,2.7,2.3,2.3,163.29,138.38,,25.14,400.8,586.92,70.58,0.281,1.616,16224,,0,16.5249771170222,72.6,,,,
Białoruś,BLR,2009,2.0,1.7,1.7,3.0,2.3,2.3,160.63,133.33,,25.83,414.81,600.83,70.62,0.281,1.616,16089,,0,16.1000708699266,73.5,,,,
Białoruś,BLR,2010,2.0,1.7,1.7,3.3,2.3,2.3,161.48,138.32,,23.59,422.24,604.48,70.52,0.267,2.087,17172,,0,16.0213954939935,74.9,,,,
Białoruś,BLR,2011,2.0,1.7,1.7,3.0,2.3,2.0,158.45,130.38,,20.89,396.77,571.15,70.77,0.267,2.087,17918,,0,13.4483555468763,75.3,,,,
Białoruś,BLR,2012,2.0,1.7,1.7,3.0,2.3,2.3,,,,,,,,0.267,2.087,18251,,0,13.5666972902762,74.7,,,,
Białoruś,BLR,2013,2.0,1.7,1.7,3.0,2.3,2.3,149.01,100.18,,18.16,371.36,520.26,72.8,0.266,2.366,18464,,0,13.4298113058447,74.8,,,,
Białoruś,BLR,2014,2.0,1.7,1.7,3.0,2.3,2.3,147.44,92.53,,16.63,375.97,522.17,73.37,0.266,2.366,18822,,0,13.7542695534472,74.9,,,,
Bułgaria,BGR,1989,1.0,1.0,1.0,1.0,1.0,1.0,156.38,61.88,122.13,15.63,222.77,694.33,71.47,0.059,2.539,9908,11.4,0,16.5346949913086,81.5,,,10.0,
Bułgaria,BGR,1990,1.0,1.0,1.0,1.0,1.0,2.0,152.43,60.85,119.47,14.07,230.09,691.38,71.48,0.766,1.45,8922,11.5,0,18.1865848876199,77.9,,10.0,72.5,
Bułgaria,BGR,1991,2.0,1.0,1.0,4.3,1.0,3.0,155.44,56.48,109.31,14.55,231.84,699.24,71.45,0.766,1.45,8320,9.5,0,19.033161385409,68.3,6.4,15.0,333.5,11.1
Bułgaria,BGR,1992,2.0,1.0,1.7,4.3,1.0,3.0,158.43,66.57,124.58,16.63,218.82,677.88,71.19,0.766,1.45,7846,10.2,0,20.3361553784861,63.3,5.7,25.0,82.0,15.3
Bułgaria,BGR,1993,2.0,1.0,2.0,4.3,1.7,3.0,158.37,63.11,122.27,16.0,237.78,705.75,71.15,0.766,1.45,7959,9.9,0,18.8558046169287,58.3,5.1,35.0,73.0,16.4
Bułgaria,BGR,1994,2.0,2.0,2.0,4.0,2.0,4.0,163.62,66.8,130.2,15.86,231.38,706.41,70.84,0.766,1.45,8212,9.7,0,17.1893074581431,56.7,4.2,40.0,96.3,12.8
Bułgaria,BGR,1995,2.0,2.0,2.0,2.7,3.0,4.0,161.58,62.66,124.09,15.49,234.78,725.58,70.99,0.766,1.45,8567,9.5,0,15.3481641512703,58.3,3.5,45.0,62.0,11.1
Bułgaria,BGR,1996,2.0,2.0,2.0,2.7,3.0,4.0,161.26,61.02,118.15,16.65,223.61,748.55,70.94,0.766,1.45,7901,9.2,0,13.8490054815903,60.0,2.9,45.0,123.0,12.5
Bułgaria,BGR,1997,2.3,2.3,3.0,4.0,3.0,4.0,160.64,57.46,111.86,15.81,238.82,814.1,70.28,0.766,1.45,7927,8.1,0,12.1431675540765,59.9,2.8,50.0,1082.0,13.7
Bułgaria,BGR,1998,2.3,2.3,3.0,4.0,3.0,4.0,158.03,56.73,81.76,16.37,232.9,813.14,70.93,0.729,1.45,8322,7.9,0,18.3452571005378,59.4,3.4,65.0,22.3,12.2
Bułgaria,BGR,1999,2.3,2.3,3.0,4.0,3.3,4.3,157.77,52.21,73.61,14.12,206.89,718.83,71.66,0.729,1.45,7922,7.7,0,19.6065030074748,56.3,3.3,70.0,0.7,14.1
Bułgaria,BGR,2000,2.3,2.3,3.7,4.0,3.7,4.3,150.06,52.38,74.96,15.0,193.55,737.07,71.71,0.729,1.45,8411,9.0,0,19.7851119720333,54.7,3.3,70.0,9.9,17.9
Bułgaria,BGR,2001,2.3,2.3,3.7,4.3,3.7,4.3,152.09,50.03,72.15,14.25,190.03,710.47,71.91,0.729,1.45,8832,9.3,0,19.368455899514,53.7,3.0,70.0,7.4,17.3
Bułgaria,BGR,2002,2.3,2.3,3.7,4.3,3.7,4.3,154.84,48.84,70.03,14.27,196.67,722.9,72.16,0.729,1.45,9472,9.2,0,19.178153843914,55.5,3.1,70.0,5.9,17.8
Bułgaria,BGR,2003,2.3,2.7,3.7,4.3,3.7,4.3,152.48,46.25,66.11,11.94,183.97,713.01,72.39,0.729,1.45,10081,9.5,0,20.1105898204731,57.5,,75.0,2.3,12.7
Bułgaria,BGR,2004,2.3,2.7,4.0,4.3,3.7,4.3,156.53,45.03,66.86,11.02,171.57,685.35,72.6,0.729,1.45,10854,9.8,0,19.3619098932735,59.4,,75.0,6.0,
Bułgaria,BGR,2005,2.7,2.7,4.0,4.3,3.7,4.3,171.0,44.97,69.99,10.66,163.14,677.39,72.59,0.729,1.45,11758,9.6,0,18.1535666491695,60.7,,,,
Bułgaria,BGR,2006,2.7,2.7,4.0,4.3,4.0,4.3,168.34,44.89,67.68,10.48,147.87,665.64,72.76,0.729,1.45,12706,10.0,0,18.1469405300315,63.8,,,,
Bułgaria,BGR,2007,2.7,2.7,4.0,4.3,4.0,4.3,170.35,43.39,68.21,9.51,135.42,645.73,73.07,0.729,1.45,13785,10.4,0,16.6883257645924,67.2,,,,
Bułgaria,BGR,2008,3.0,2.7,4.0,4.3,4.0,4.3,171.59,44.88,70.32,10.07,126.03,611.28,73.41,0.729,1.45,14762,10.5,0,17.1498257945905,70.1,,,,
Bułgaria,BGR,2009,3.0,2.7,4.0,4.3,4.0,4.3,161.16,39.23,62.92,9.35,116.12,604.92,73.77,0.768,1.45,14363,10.1,0,16.7393574315573,68.7,,,,
Bułgaria,BGR,2010,3.0,2.7,4.0,4.3,4.0,4.3,156.38,34.96,56.96,9.26,114.26,621.69,73.81,0.792,1.45,14686,10.2,0,16.5024385412597,74.0,,,,
Bułgaria,BGR,2011,3.0,2.7,4.0,4.3,4.0,4.3,156.91,32.46,54.46,8.55,106.46,595.99,74.23,0.811,1.45,15112,10.5,0,15.849987567536,66.4,,,,
Bułgaria,BGR,2012,3.0,2.7,4.0,4.3,4.0,4.3,166.99,34.91,58.51,9.54,113.88,574.47,74.44,0.814,1.45,15204,10.5,0,15.790962526113,66.6,,,,
Bułgaria,BGR,2013,3.0,2.7,4.0,4.3,4.0,4.3,164.69,31.72,54.51,7.95,103.53,541.11,74.96,0.8,1.45,15420,10.5,0,17.0826070059115,67.6,,,,
Bułgaria,BGR,2014,3.0,2.7,4.0,4.3,4.0,4.3,163.39,33.7,57.62,7.79,102.94,564.56,74.57,0.821,1.45,15711,9.9,0,16.833076863621,69.6,,,,
Czechy,CZE,1989,1.0,1.0,1.0,1.0,1.0,1.0,255.5,79.03,133.24,18.27,303.35,644.08,71.8,0.123,3.242,14027,10.5,0,,86.9,4.2,,1.5,
Czechy,CZE,1990,1.0,1.0,1.0,1.0,1.0,1.0,258.59,84.82,144.29,19.07,310.98,645.01,71.52,0.755,3.242,14178,11.3,0,21.7405721839044,85.7,4.9,10.0,18.4,
Czechy,CZE,1991,2.0,2.0,1.0,4.0,3.0,3.0,257.05,82.23,140.07,18.23,298.46,615.65,72.06,0.755,3.242,12725,11.5,0,21.3948800244071,77.4,5.0,15.0,56.6,4.1
Czechy,CZE,1992,2.0,2.0,2.0,4.0,4.0,4.0,254.31,80.87,138.37,18.79,283.2,590.26,72.43,0.755,3.242,12810,11.8,0,20.4112133651643,74.7,5.2,30.0,11.1,2.6
Czechy,CZE,1993,2.7,3.0,3.0,4.0,4.0,4.0,252.53,78.43,132.33,18.09,276.57,576.26,72.94,0.755,3.242,12974,11.5,0,20.7676705142328,75.7,6.8,45.0,20.8,3.5
Czechy,CZE,1994,2.7,3.0,4.0,4.0,4.0,4.0,251.48,78.08,101.25,17.28,265.93,561.35,73.15,0.755,3.242,13518,11.6,0,21.0540159916866,75.8,6.9,65.0,10.0,3.2
Czechy,CZE,1995,2.7,3.0,4.0,4.0,4.0,4.0,252.19,76.85,100.06,16.06,259.86,559.62,73.3,0.755,3.242,14550,11.5,0,20.0544168261703,75.8,6.8,70.0,9.1,2.9
Czechy,CZE,1996,2.7,3.0,4.0,4.0,4.3,4.3,243.38,70.08,92.66,14.33,235.22,529.74,74.02,0.755,3.242,15386,11.6,0,19.3347010359913,75.4,6.6,75.0,8.8,3.5
Czechy,CZE,1997,2.7,3.0,4.0,4.3,4.3,4.3,241.5,70.6,93.7,15.24,218.06,525.85,74.13,0.755,3.242,15494,11.9,0,19.9388828721216,74.5,6.5,75.0,8.5,5.2
Czechy,CZE,1998,2.7,3.0,4.0,4.3,4.3,4.3,238.56,62.5,87.17,14.63,198.54,495.75,74.74,0.755,3.242,15657,11.8,0,18.8941409499079,73.1,6.5,75.0,10.7,6.5
Czechy,CZE,1999,2.7,3.0,4.0,4.3,4.3,4.3,237.07,61.45,84.63,14.45,199.31,487.17,74.94,0.755,3.242,16103,11.9,0,19.757726786561,71.3,6.5,80.0,2.1,9.4
Czechy,CZE,2000,2.7,3.3,4.0,4.3,4.3,4.3,237.83,62.35,85.76,14.76,187.04,462.52,75.21,0.789,3.242,17056,11.8,0,19.4170938033921,70.7,6.5,80.0,3.9,8.8
Czechy,CZE,2001,2.7,3.3,4.0,4.3,4.3,4.3,233.01,60.48,83.85,14.44,183.09,456.72,75.49,0.789,3.242,17869,11.8,0,19.3811560078933,70.7,6.7,80.0,4.7,8.9
Czechy,CZE,2002,3.0,3.3,4.0,4.3,4.3,4.3,233.75,60.48,83.96,13.71,179.19,455.98,75.51,0.789,3.242,18431,11.9,0,20.8524714305893,71.3,6.4,80.0,1.8,9.8
Czechy,CZE,2003,3.0,3.3,4.0,4.3,4.3,4.3,234.22,64.22,89.74,15.29,176.09,461.88,75.4,0.789,3.242,19344,12.1,0,21.8439804927084,70.8,,80.0,0.1,10.3
Czechy,CZE,2004,3.0,3.3,4.0,4.3,4.3,4.3,230.01,60.73,84.83,14.02,163.6,430.53,75.96,0.789,3.242,20555,11.5,0,20.5929702825042,70.4,,80.0,2.8,
Czechy,CZE,2005,3.0,3.3,4.0,4.3,4.3,4.3,217.46,55.02,80.96,13.81,177.51,419.02,76.18,0.789,3.242,22129,12.0,0,20.2989636894468,71.3,,,,
Czechy,CZE,2006,3.0,3.3,4.0,4.3,4.3,4.3,212.59,50.46,74.53,12.22,168.91,386.33,76.82,0.789,3.242,23888,11.9,0,19.9326846921976,72.2,,,,
Czechy,CZE,2007,3.0,3.3,4.0,4.3,4.3,4.3,204.17,51.66,76.1,11.9,185.71,370.66,77.1,0.789,3.242,25383,12.1,0,19.135597434962,73.5,,,,
Czechy,CZE,2008,,,,,,,200.87,50.12,74.86,11.79,176.13,355.6,77.42,0.789,3.242,26186,12.1,0,19.1552133910447,74.5,,,,
Czechy,CZE,2009,,,,,,,197.4,48.21,71.27,12.4,170.12,356.99,77.5,0.789,3.242,25094,12.1,0,20.7176267676761,73.6,,,,
Czechy,CZE,2010,,,,,,,195.59,48.07,71.18,12.77,161.82,344.14,77.81,0.792,3.242,25922,11.4,0,20.3296245529329,73.6,,,,
Czechy,CZE,2011,,,,,,,186.71,47.17,69.71,13.57,167.81,331.47,78.06,0.792,3.242,26725,11.5,0,19.6370766392657,74.4,,,,
Czechy,CZE,2012,,,,,,,183.81,45.71,68.17,13.79,164.37,325.05,78.24,0.792,3.242,26474,11.6,0,19.3133426541368,75.4,,,,
Czechy,CZE,2013,,,,,,,178.8,43.46,65.91,13.42,166.67,309.72,78.4,0.785,3.242,26338,11.5,0,19.5991807169614,76.9,,,,
Czechy,CZE,2014,,,,,,,175.04,43.31,64.85,12.49,151.43,284.47,79.02,0.774,3.242,27024,11.9,0,19.1899663567148,78.3,,,,
Estonia,EST,1989,1.0,1.0,1.0,1.0,1.0,1.0,201.34,112.17,121.99,26.06,429.82,673.16,70.59,,,18779,,0,,87.9,,,,
Estonia,EST,1990,1.0,1.0,1.0,2.3,1.0,1.0,195.93,130.87,141.7,27.59,432.45,693.77,69.94,0.806,1.991,17247,9.8,0,,86.9,,10.0,,
Estonia,EST,1991,1.0,1.0,1.0,2.7,1.0,2.0,215.12,140.76,155.19,27.15,411.49,665.39,69.79,0.842,1.991,15351,9.1,0,,85.5,,,210.5,
Estonia,EST,1992,1.0,2.0,1.0,2.7,2.0,3.0,204.83,152.44,164.36,32.44,407.18,682.91,69.19,0.852,1.991,13214,7.8,0,,82.4,,,1076.0,
Estonia,EST,1993,2.0,3.0,2.0,4.3,3.0,3.0,211.37,183.02,199.69,38.45,435.24,711.61,68.14,0.802,1.991,12207,8.1,0,20.589993492235,77.8,,25.0,89.8,6.5
Estonia,EST,1994,2.0,3.0,3.0,4.3,4.0,4.0,203.64,238.33,260.11,41.63,447.95,727.86,66.76,0.802,1.991,12070,8.2,0,23.2656162159609,76.7,,40.0,47.7,7.6
Estonia,EST,1995,2.0,3.0,4.0,4.3,4.0,4.0,203.41,198.59,221.58,40.82,414.36,682.88,67.79,0.802,1.991,12881,8.3,0,24.5714517349853,73.2,5.4,55.0,29.0,9.7
Estonia,EST,1996,2.0,3.0,4.0,4.3,4.3,4.0,203.97,160.2,179.93,38.25,378.94,622.95,70.0,0.782,1.991,13548,8.0,0,22.6162441541643,72.6,5.2,65.0,23.1,10.0
Estonia,EST,1997,2.0,3.0,4.0,4.3,4.3,4.0,206.0,160.07,181.86,36.45,347.7,590.47,70.19,0.782,1.991,15075,8.3,0,20.4062670429621,73.1,5.1,70.0,11.2,9.6
Estonia,EST,1998,2.0,3.0,4.0,4.3,4.3,4.0,208.62,162.52,188.3,33.36,374.26,619.23,69.79,0.782,1.991,15593,8.0,0,20.6976037907385,72.4,5.2,70.0,8.1,9.8
Estonia,EST,1999,2.7,3.0,4.0,4.3,4.3,4.0,196.89,153.26,176.14,32.54,345.39,583.47,70.64,0.782,1.991,15335,8.9,0,21.9265522595976,69.4,4.5,75.0,3.3,12.2
Estonia,EST,2000,2.7,3.0,4.0,4.3,4.3,4.3,198.52,137.53,161.85,25.52,329.77,558.53,71.3,0.782,1.991,16807,9.0,0,19.5619806388734,66.8,4.3,75.0,4.0,13.6
Estonia,EST,2001,3.0,3.3,4.0,4.3,4.3,4.3,193.54,155.97,187.68,27.47,324.78,552.68,71.03,0.782,1.991,17697,10.1,0,18.6429936241419,67.7,4.2,75.0,5.8,12.6
Estonia,EST,2002,3.0,3.3,4.0,4.3,4.3,4.3,197.02,136.31,167.51,25.44,317.32,550.3,71.52,0.782,1.991,18589,12.0,0,18.1712736950047,68.8,,80.0,3.6,10.3
Estonia,EST,2003,3.0,3.3,4.0,4.3,4.3,4.3,191.14,125.5,161.17,23.22,307.56,542.91,72.02,0.811,1.991,19772,11.8,0,17.8422111254822,69.8,,80.0,1.3,10.0
Estonia,EST,2004,3.3,3.3,4.0,4.3,4.3,4.3,195.0,121.03,157.86,22.39,278.11,508.27,72.5,0.811,1.991,20804,11.5,0,17.3707687385367,69.8,,80.0,3.5,
Estonia,EST,2005,3.3,3.7,4.0,4.3,4.3,4.3,193.96,113.06,154.08,18.55,261.04,492.18,73.08,0.811,1.991,22519,13.0,0,16.8521596602407,72.2,,,,
Estonia,EST,2006,3.7,3.7,4.0,4.3,4.3,4.3,196.05,110.69,147.64,16.13,251.04,480.3,73.28,0.811,2.361,24579,13.4,0,15.8323866569136,76.7,,,,
Estonia,EST,2007,3.7,3.7,4.0,4.3,4.3,4.3,190.18,109.33,155.11,16.75,234.55,459.95,73.33,0.811,2.361,26178,14.8,0,15.8991591535824,78.0,,,,
Estonia,EST,2008,3.7,3.7,4.0,4.3,4.3,4.3,187.67,92.42,133.87,16.51,223.04,448.15,74.44,0.841,2.361,24429,14.2,0,18.436466577074,78.4,,,,
Estonia,EST,2009,3.7,3.7,4.0,4.3,4.3,4.3,184.71,87.64,118.86,18.25,203.78,421.0,75.38,0.841,2.361,20538,11.9,0,20.5332841041619,71.7,,,,
Estonia,EST,2010,3.7,3.7,4.0,4.3,4.3,4.3,182.65,76.56,106.8,14.88,197.79,405.21,76.11,0.867,2.774,20713,11.4,0,19.5616522470917,69.4,,,,
Estonia,EST,2011,3.7,3.7,4.0,4.3,4.3,4.3,183.84,77.8,106.19,14.36,172.79,365.98,76.69,0.867,2.774,21997,12.0,0,18.2949896179378,74.6,,,,
Estonia,EST,2012,3.7,3.7,4.0,4.3,4.3,4.3,182.48,80.05,108.64,15.51,169.73,360.24,76.75,0.867,2.774,23026,12.1,0,18.0242576821827,77.0,,,,
Estonia,EST,2013,3.7,3.7,4.0,4.3,4.3,4.3,178.88,67.8,94.18,14.17,147.78,349.69,77.43,0.864,2.774,23436,11.9,0,18.3991728743446,78.8,,,,
Estonia,EST,2014,3.7,3.7,4.0,4.3,4.3,4.3,184.19,66.21,94.03,16.33,138.04,338.18,77.47,0.857,2.774,24146,11.1,0,18.4390132763221,80.1,,,,
Kazachstan,KAZ,1989,1.0,1.0,1.0,1.0,1.0,1.0,214.28,111.61,,23.91,300.93,601.46,68.77,,,12153,,0,,82.6,,,,
Kazachstan,KAZ,1990,1.0,1.0,1.0,1.0,1.0,1.0,215.2,114.65,,22.85,306.84,596.94,68.8,0.339,2.112,11888,,0,,81.4,3.3,5.0,,
Kazachstan,KAZ,1991,1.0,1.0,1.0,1.0,1.0,1.0,214.6,117.89,224.47,21.46,314.79,619.49,68.37,0.339,2.112,10557,,0,,79.9,4.4,5.0,79.0,0.0
Kazachstan,KAZ,1992,1.0,1.0,1.0,2.7,2.0,1.0,210.47,121.69,223.78,23.01,329.27,622.88,68.23,0.376,2.112,10013,,0,18.2006633499171,78.0,2.1,10.0,1381.0,0.5
Kazachstan,KAZ,1993,1.0,1.0,2.0,2.7,2.0,2.0,205.95,147.14,236.01,27.26,365.03,699.66,66.38,0.402,2.112,9174,,0,13.8969041331471,71.2,2.5,10.0,1662.0,0.6
Kazachstan,KAZ,1994,2.0,1.0,2.0,2.7,2.3,2.0,204.67,139.54,221.78,28.06,416.27,787.55,65.9,0.402,2.112,8179,,0,10.6817786812157,68.2,2.0,20.0,1892.0,1.7
Kazachstan,KAZ,1995,2.0,1.0,2.0,4.0,3.0,3.0,203.12,159.88,248.42,33.33,419.17,797.93,64.65,0.402,1.177,7674,,0,13.5820901409006,69.1,2.0,25.0,176.0,0.8
Kazachstan,KAZ,1996,2.0,2.0,3.0,4.0,3.3,4.0,201.09,165.91,256.3,34.61,438.13,811.9,64.39,0.402,1.177,7827,,0,12.9111452398683,69.5,2.7,40.0,39.1,3.6
Kazachstan,KAZ,1997,2.0,2.0,3.0,4.0,4.0,4.0,197.05,156.31,241.63,33.78,406.29,786.9,64.81,0.402,1.177,8094,,0,12.3806732978798,69.8,,55.0,17.4,4.1
Kazachstan,KAZ,1998,2.0,2.0,3.0,4.0,4.0,4.0,198.59,156.57,243.61,32.77,404.68,801.22,65.0,0.429,1.177,8089,,0,10.7813901348525,67.1,1.9,55.0,7.1,3.7
Kazachstan,KAZ,1999,2.0,2.0,3.0,4.0,4.0,3.3,192.16,132.05,210.61,29.93,393.16,782.94,66.01,0.429,1.177,8421,,0,11.540691459567,67.2,2.1,60.0,8.3,3.9
Kazachstan,KAZ,2000,2.0,2.0,3.0,4.0,4.0,3.3,190.59,154.57,235.75,32.72,401.91,786.61,65.75,0.394,1.177,9309,,0,12.0767839829015,67.9,1.9,60.0,13.2,3.7
Kazachstan,KAZ,2001,2.0,2.0,3.0,4.0,4.0,3.3,186.86,160.3,244.45,32.15,420.22,806.98,65.88,0.394,1.177,10589,,0,13.4140558279007,72.8,,60.0,8.4,2.8
Kazachstan,KAZ,2002,2.0,2.0,3.0,4.0,4.0,3.3,182.8,151.56,238.51,30.69,432.47,820.06,66.18,0.394,1.177,11640,,0,11.6095049481668,71.9,,65.0,5.8,2.5
Kazachstan,KAZ,2003,2.0,2.0,3.0,4.0,4.0,3.3,179.5,152.81,242.85,30.93,443.93,860.91,65.94,0.394,1.177,12726,,0,11.2575472813135,73.5,,65.0,6.4,8.8
Kazachstan,KAZ,2004,2.0,2.0,3.0,4.0,4.0,3.7,173.6,155.3,,30.22,367.16,823.78,66.25,0.394,1.177,13930,,0,11.6145025847194,74.0,,65.0,6.7,
Kazachstan,KAZ,2005,2.0,2.0,3.0,4.0,4.0,3.7,172.68,155.38,,26.47,380.25,843.41,65.92,0.394,1.177,15234,,0,11.248528853508,73.3,,,,
Kazachstan,KAZ,2006,2.0,2.0,3.0,4.0,4.0,3.7,165.53,156.34,,27.07,368.86,825.56,66.22,0.394,1.177,16787,,0,10.1808622102763,73.4,,,,
Kazachstan,KAZ,2007,2.0,2.0,3.0,4.0,4.0,3.7,163.51,149.6,,27.09,369.57,811.23,66.42,0.387,1.177,18181,,0,11.0539227321465,74.6,,,,
Kazachstan,KAZ,2008,2.0,2.0,3.0,4.0,4.0,3.7,159.89,129.56,,25.69,346.6,748.33,67.2,0.387,1.177,18666,,0,10.1884933177761,75.3,,,,
Kazachstan,KAZ,2009,2.0,2.0,3.0,4.0,4.0,3.7,155.28,112.48,,24.33,237.95,625.45,68.69,0.387,1.177,18751,,0,11.6629260943621,74.3,,,,
Kazachstan,KAZ,2010,2.0,2.0,3.0,4.0,4.0,3.7,155.75,114.44,,22.61,180.96,619.94,68.61,0.378,1.177,19965,,0,10.812344717753,75.6,,,,
Kazachstan,KAZ,2011,2.0,2.0,3.0,3.7,4.0,3.7,145.54,108.37,,20.97,148.84,457.11,69.2,0.378,1.177,21302,,0,10.4758481012217,77.0,,,,
Kazachstan,KAZ,2012,2.0,2.0,3.0,3.7,4.0,3.7,146.02,104.25,,19.93,126.81,367.83,69.74,0.378,1.177,22089,,0,11.5216030974968,78.5,,,,
Kazachstan,KAZ,2013,2.0,2.0,3.0,3.7,4.0,3.7,139.8,102.83,194.21,21.44,128.88,362.42,70.76,0.378,1.177,23131,,0,10.17335661126,78.7,,,,
Kazachstan,KAZ,2014,2.0,2.0,3.0,3.7,4.0,3.7,128.32,93.62,181.27,18.89,112.37,305.09,71.6,0.378,1.177,23841,,0,10.6896762840233,77.9,,,,
Litwa,LTU,1989,1.0,1.0,1.0,1.0,1.0,1.0,186.74,119.77,,28.16,411.72,566.27,71.82,,,14693,,0,,84.0,2.8,,,
Litwa,LTU,1990,1.0,1.0,1.0,2.3,1.0,1.0,193.38,122.74,,27.16,427.93,585.95,71.54,0.666,3.002,13809,,0,,81.6,3.0,10.0,,
Litwa,LTU,1991,1.0,1.0,1.0,2.7,1.0,1.0,194.26,143.72,166.89,32.03,417.02,573.49,70.64,0.666,3.002,12999,,0,,83.8,3.3,10.0,224.7,0.3
Litwa,LTU,1992,1.0,1.0,2.0,2.7,2.7,2.0,199.15,143.91,169.01,36.4,407.73,560.09,70.49,0.674,3.002,10241,,0,,82.1,3.8,20.0,1021.0,1.3
Litwa,LTU,1993,2.0,2.0,3.0,4.0,3.3,3.0,203.9,172.81,294.05,43.98,413.56,625.81,69.0,0.664,3.002,8621,,0,,79.3,3.8,35.0,410.4,4.4
Litwa,LTU,1994,2.0,2.0,3.0,4.0,4.0,4.0,201.52,194.15,338.82,48.01,404.25,610.88,68.6,0.652,3.002,7830,,0,,75.2,4.4,60.0,72.1,3.8
Litwa,LTU,1995,2.0,2.0,3.0,4.0,4.0,4.0,202.59,185.47,327.78,47.86,404.52,607.79,69.15,0.652,3.002,8299,7.9,0,23.8338583981058,67.1,4.5,65.0,39.5,6.1
Litwa,LTU,1996,2.0,3.0,3.0,4.0,4.0,4.0,200.27,165.51,287.81,49.12,384.47,585.08,70.31,0.652,3.002,8794,7.9,0,23.9448435169784,68.3,4.2,70.0,24.7,7.1
Litwa,LTU,1997,2.3,2.7,3.0,4.0,4.0,4.0,195.52,154.63,264.39,46.53,374.64,562.56,71.15,0.652,3.002,9593,8.7,0,24.0421961294719,69.3,4.7,70.0,8.9,5.9
Litwa,LTU,1998,2.3,2.7,3.0,4.0,4.0,4.0,198.0,152.48,184.23,44.34,343.7,549.78,71.44,0.652,3.002,10382,8.0,0,25.7711170720421,69.3,4.8,70.0,5.1,13.3
Litwa,LTU,1999,2.3,2.7,3.0,4.0,4.3,4.0,200.7,149.67,174.48,44.26,325.25,537.03,71.82,0.652,3.002,10336,8.6,0,23.5580618145463,68.2,4.6,70.0,0.8,14.1
Litwa,LTU,2000,2.7,2.7,3.0,4.0,4.3,4.0,198.89,145.67,170.5,46.73,309.42,514.89,72.2,0.706,3.002,10807,9.7,0,22.3826570467051,65.8,4.4,70.0,1.0,15.4
Litwa,LTU,2001,3.0,2.7,3.3,4.0,4.3,4.3,197.99,157.53,185.68,43.8,341.19,537.31,71.71,0.706,3.002,11607,10.5,0,21.1308403240418,63.7,4.1,70.0,1.5,17.4
Litwa,LTU,2002,3.0,3.0,3.7,4.3,4.3,4.3,196.19,150.44,176.63,44.22,336.35,537.91,71.86,0.731,3.002,12491,11.1,0,20.5566658733581,65.5,4.6,75.0,0.3,13.8
Litwa,LTU,2003,3.0,3.0,3.7,4.3,4.3,4.3,193.39,148.89,178.08,41.43,333.12,527.5,72.13,0.731,3.002,13918,11.3,0,19.5456507640416,66.9,,75.0,-1.2,12.4
Litwa,LTU,2004,3.0,3.0,3.7,4.3,4.3,4.3,193.84,144.86,175.1,39.52,327.83,524.97,72.05,0.731,3.002,14996,12.2,0,19.0877078519304,66.8,,75.0,1.5,
Litwa,LTU,2005,3.3,3.0,4.0,4.3,4.3,4.3,192.94,159.85,194.67,37.95,343.98,547.03,71.27,0.731,3.002,16418,12.5,0,18.5191005650631,71.0,,,,
Litwa,LTU,2006,3.3,3.0,4.0,4.3,4.3,4.3,194.45,154.57,200.36,29.94,336.54,546.93,71.02,0.734,3.002,17916,13.2,0,19.1899246295583,73.5,,,,
Litwa,LTU,2007,3.3,3.0,4.0,4.3,4.3,4.3,196.09,152.48,207.89,29.67,327.58,536.1,70.78,0.734,3.002,20138,13.9,0,17.4513357826862,75.7,,,,
Litwa,LTU,2008,3.3,3.0,4.0,4.3,4.3,4.3,195.02,139.97,189.71,32.37,310.91,505.53,71.82,0.734,3.002,20880,13.9,0,18.6665424842249,75.4,,,,
Litwa,LTU,2009,3.3,3.0,4.0,4.3,4.3,4.3,190.86,121.53,160.26,33.2,294.96,482.54,73.01,0.734,3.002,17983,13.1,0,21.2054131585729,70.7,,,,
Litwa,LTU,2010,3.3,3.0,4.0,4.3,4.3,4.3,188.03,119.13,156.87,30.27,302.99,479.79,73.32,0.741,2.577,18664,13.5,0,20.1107100441688,63.4,,,,
Litwa,LTU,2011,3.7,3.0,4.0,4.3,4.3,4.3,187.68,109.82,146.66,30.8,289.39,459.51,73.8,0.741,2.577,20243,14.7,0,18.4673993995514,66.3,,,,
Litwa,LTU,2012,3.7,3.0,4.0,4.3,4.3,4.3,182.16,109.15,144.68,28.28,286.79,451.08,74.16,0.741,2.577,21303,14.7,0,17.5438790188972,69.0,,,,
Litwa,LTU,2013,3.7,3.0,4.0,4.3,4.3,4.3,178.65,108.26,144.26,33.57,279.65,442.44,74.19,0.747,2.242,22274,14.5,0,16.7355436181775,71.0,,,,
Litwa,LTU,2014,3.7,3.0,4.0,4.3,4.3,4.3,180.35,100.02,133.56,28.33,267.14,419.49,74.79,0.757,2.242,23252,14.2,0,16.691874395721,73.3,,,,
Polska,POL,1989,1.0,1.0,1.0,2.3,2.0,1.0,210.95,77.12,135.06,11.97,118.89,587.5,71.11,0.625,2.034,9060,9.2,0,,74.7,,,639.5,
Polska,POL,1990,2.0,2.0,2.0,3.7,3.0,3.0,212.82,82.47,142.54,13.77,120.95,589.2,71.0,0.861,2.034,8150,8.3,0,,70.6,4.9,30.0,249.0,
Polska,POL,1991,2.0,2.0,2.0,3.7,3.0,3.0,213.78,86.76,152.72,14.68,126.95,609.35,70.68,0.861,2.034,7626,8.8,0,,67.1,5.0,40.0,70.3,11.8
Polska,POL,1992,2.0,2.0,2.0,4.0,4.0,3.0,211.05,82.25,144.03,15.61,123.32,584.64,71.19,0.861,2.034,7874,8.3,0,,65.4,5.0,45.0,43.0,13.6
Polska,POL,1993,2.7,3.0,2.0,4.0,4.0,4.0,214.1,76.4,132.77,15.32,118.18,571.83,71.68,0.861,2.034,8230,8.4,0,,63.3,4.7,50.0,35.3,16.4
Polska,POL,1994,2.7,3.0,3.0,4.0,4.0,4.0,213.69,78.34,136.75,14.83,110.11,548.31,71.79,0.854,2.034,8722,8.3,0,,62.7,4.4,55.0,32.2,16.0
Polska,POL,1995,2.7,3.0,3.0,4.0,4.0,4.0,215.41,76.95,136.89,14.64,107.07,532.24,72.01,0.854,2.034,9408,8.1,0,18.8197389579682,62.3,4.4,60.0,27.8,14.9
Polska,POL,1996,2.7,3.0,3.0,4.0,4.3,4.3,213.82,72.4,127.6,14.41,105.68,524.63,72.38,0.854,2.034,10066,8.1,0,18.4388608015352,63.2,4.7,60.0,19.9,13.2
Polska,POL,1997,2.7,3.0,3.3,4.0,4.3,4.3,,,,,,,72.75,0.854,2.034,10811,8.6,0,18.0280314834487,63.5,4.4,65.0,14.9,10.5
Polska,POL,1998,2.7,3.0,3.3,4.3,4.3,4.3,,,,,,,73.14,0.854,2.034,11413,8.4,0,17.641042982652,63.0,4.2,65.0,11.8,10.4
Polska,POL,1999,2.7,3.0,3.3,4.3,4.3,4.3,212.22,70.36,97.47,14.74,147.88,469.04,73.16,0.854,2.034,12058,8.3,0,17.8063298597319,59.7,4.4,65.0,7.3,13.0
Polska,POL,2000,2.7,3.0,3.3,4.3,4.3,4.3,217.23,66.41,92.48,15.01,141.76,446.22,73.86,0.854,2.034,12732,8.4,0,17.9874386199245,59.5,,70.0,10.1,15.0
Polska,POL,2001,3.0,3.3,3.3,4.3,4.3,4.3,217.84,64.09,89.32,14.93,134.26,433.98,74.28,0.854,2.034,13018,7.8,0,18.5515181999351,57.0,,75.0,5.5,17.4
Polska,POL,2002,3.0,3.3,3.3,4.3,4.3,4.3,216.67,64.18,88.94,14.95,125.78,413.88,74.64,0.854,2.034,13416,8.1,0,18.563380627424,55.3,,75.0,1.9,19.7
Polska,POL,2003,3.0,3.3,3.3,4.3,4.3,4.3,214.73,62.44,86.54,14.67,124.93,416.65,74.73,0.854,2.034,14036,9.1,0,18.8451542998185,54.8,,75.0,0.8,20.0
Polska,POL,2004,3.0,3.3,3.3,4.3,4.3,4.3,213.98,62.14,88.32,15.14,117.62,397.03,74.98,0.854,2.034,14906,9.2,0,18.2343847850137,55.8,,75.0,3.5,
Polska,POL,2005,3.3,3.7,3.3,4.3,4.3,4.3,211.51,62.57,89.47,14.99,114.43,384.24,75.12,0.854,2.034,15581,9.1,0,18.2841316711182,56.8,,,,
Polska,POL,2006,3.3,3.7,3.3,4.3,4.3,4.3,210.24,61.27,89.2,14.25,111.42,372.19,75.38,0.854,2.034,16711,9.9,0,18.4712705252125,58.7,,,,
Polska,POL,2007,3.3,3.7,3.3,4.3,4.3,4.3,208.72,59.77,89.32,12.94,104.22,365.49,75.45,0.854,2.034,18067,10.3,0,18.1666848826749,61.3,,,,
Polska,POL,2008,3.3,3.7,3.3,4.3,4.3,4.3,204.71,60.67,89.91,13.87,102.32,356.9,75.73,0.854,2.034,19012,10.8,0,18.6262756515519,63.3,,,,
Polska,POL,2009,3.3,3.7,3.3,4.3,4.3,4.3,201.75,57.62,84.6,15.78,96.94,356.25,75.91,0.856,2.034,19718,10.2,0,18.7077470624667,63.4,,,,
Polska,POL,2010,3.7,3.7,3.7,4.3,4.3,4.3,195.81,56.1,80.83,15.41,90.29,335.6,76.54,0.89,2.128,20609,10.0,0,19.1492387195228,64.8,,,,
Polska,POL,2011,3.7,3.7,3.7,4.3,4.3,4.3,191.29,55.49,80.65,14.78,88.37,317.68,76.91,0.857,2.128,21837,10.3,0,18.0778612921893,63.2,,,,
Polska,POL,2012,3.7,3.7,3.7,4.3,4.3,4.3,192.32,54.26,79.7,15.31,83.64,323.69,76.97,0.838,2.128,22188,10.2,0,18.0086571547278,63.9,,,,
Polska,POL,2013,3.7,3.7,3.7,4.3,4.3,4.3,187.56,51.4,75.11,14.96,75.07,315.02,77.21,0.836,2.128,22510,10.8,0,18.3308014321931,64.4,,,,
Polska,POL,2014,3.7,3.7,3.7,4.3,4.3,4.3,187.02,48.47,71.13,14.32,68.7,292.37,77.89,0.836,2.128,23266,10.5,0,18.2380268801328,66.4,,,,
Rosja,RUS,1989,1.0,1.0,1.0,1.0,1.0,1.0,199.39,127.8,,26.36,327.96,664.24,69.65,0.193,2.238,12766,5.4,0,20.1221640488656,83.6,,,,
Rosja,RUS,1990,1.0,1.0,1.0,1.0,1.0,1.0,201.51,135.68,,26.98,325.44,668.7,69.28,0.259,1.422,12400,7.4,0,20.7854703508227,83.4,,5.0,,
Rosja,RUS,1991,2.0,1.0,1.0,1.0,1.0,1.0,202.58,143.65,,26.9,316.37,658.48,69.03,0.346,1.422,12012,8.1,0,16.5105470146586,81.7,2.8,,92.7,0.0
Rosja,RUS,1992,2.0,1.0,2.0,3.7,2.0,3.0,204.31,173.98,,31.29,324.08,675.25,67.92,0.597,0.628,10488,7.1,0,13.8574434508154,79.4,2.7,25.0,1526.0,4.8
Rosja,RUS,1993,2.0,1.0,3.0,3.7,3.0,3.0,206.8,227.37,,38.31,385.57,789.64,65.14,0.597,0.628,9789,8.4,0,20.0391817969798,77.8,3.6,40.0,875.0,5.3
Rosja,RUS,1994,2.0,1.7,3.0,3.7,3.0,3.0,205.53,247.96,,41.98,411.31,849.21,64.03,0.597,0.628,8744,8.7,1,19.0994678673762,70.9,4.6,50.0,311.4,8.1
Rosja,RUS,1995,2.0,2.0,3.0,3.7,4.0,3.0,200.82,234.23,,41.2,378.92,795.84,64.7,0.597,0.628,8586,11.2,1,19.0756586824943,69.6,4.3,55.0,197.7,8.3
Rosja,RUS,1996,2.0,2.0,3.0,3.7,4.0,4.0,195.71,206.53,,38.9,356.33,753.74,65.95,0.597,0.968,8479,9.2,1,19.4937298074419,68.2,4.2,60.0,47.8,9.3
Rosja,RUS,1997,2.3,2.0,3.3,3.7,4.0,4.0,194.35,184.64,,36.73,343.84,734.83,66.88,0.597,0.968,8813,9.3,0,21.0671099511038,65.1,4.4,70.0,14.7,10.8
Rosja,RUS,1998,2.3,2.0,3.3,3.3,4.0,2.3,193.03,182.98,,34.35,337.43,720.98,67.24,0.597,0.968,8557,9.9,0,18.732723283908,63.0,3.7,70.0,27.6,12.3
Rosja,RUS,1999,2.3,1.7,3.3,3.3,4.0,2.3,194.0,200.05,,37.9,363.15,774.68,66.03,0.578,0.968,9340,10.7,1,14.579430997898,67.7,3.0,70.0,86.1,12.6
Rosja,RUS,2000,2.3,2.0,3.3,4.0,4.0,2.3,192.96,211.66,,37.55,374.26,796.82,65.46,0.537,0.968,10553,9.9,1,15.0910673022865,69.9,3.0,70.0,20.8,9.8
Rosja,RUS,2001,2.3,2.3,3.3,4.0,4.0,2.7,188.94,219.42,,37.65,378.04,804.7,65.38,0.483,0.968,11391,10.2,1,16.4352485867408,69.6,,70.0,21.6,8.9
Rosja,RUS,2002,2.3,2.3,3.3,4.0,4.0,3.0,186.71,223.34,,36.17,393.05,831.95,65.13,0.447,1.205,12259,10.6,1,17.9345367249896,70.7,,70.0,15.7,8.6
Rosja,RUS,2003,2.3,2.3,3.3,4.0,4.0,3.3,185.29,218.85,,33.54,412.37,867.11,64.97,0.447,1.205,13521,11.1,1,17.9160971829737,69.7,,70.0,13.7,8.5
Rosja,RUS,2004,2.3,2.3,3.3,4.0,4.0,3.3,184.37,211.95,,31.74,395.53,831.55,65.4,0.447,1.205,14881,11.2,1,16.9716779694334,69.9,,70.0,10.7,
Rosja,RUS,2005,2.3,2.3,3.0,4.0,4.0,3.3,182.0,204.25,,29.54,400.45,833.21,65.42,0.392,1.205,16243,11.3,1,16.8715389431499,70.5,,,,
Rosja,RUS,2006,2.3,2.3,3.0,4.0,4.0,3.3,179.51,182.42,,27.4,383.75,779.16,66.71,0.392,1.205,18008,11.5,1,17.3881375511313,71.2,,,,
Rosja,RUS,2007,2.3,2.3,3.0,4.0,4.0,3.3,179.16,167.62,,26.4,368.36,734.93,67.66,0.409,1.205,20018,12.0,1,17.2975342859138,73.0,,,,
Rosja,RUS,2008,2.3,2.3,3.0,4.0,4.0,3.3,178.65,157.51,,24.5,365.53,722.43,68.02,0.427,1.173,21563,11.8,1,17.830576085536,73.5,,,,
Rosja,RUS,2009,2.3,2.3,3.0,4.0,4.0,3.3,180.2,144.68,,24.02,351.04,681.69,68.78,0.427,1.173,20336,10.9,1,20.7865966596139,72.3,,,,
Rosja,RUS,2010,2.3,2.3,3.0,4.0,4.0,3.3,175.98,138.5,,21.26,348.77,672.47,69.06,0.407,1.153,21737,10.8,0,18.7250554156357,73.4,,,,
Rosja,RUS,2011,2.7,2.3,3.0,4.0,4.0,3.3,173.41,126.82,,19.77,323.25,613.31,70.03,0.41,1.153,23130,10.8,0,17.6255115280966,74.9,,,,
Rosja,RUS,2012,2.7,2.3,3.0,4.0,4.0,4.0,169.9,122.89,,18.85,312.4,586.17,70.47,0.405,1.175,23931,10.6,0,17.9672380527257,76.3,,,,
Rosja,RUS,2013,2.7,2.3,3.0,4.0,4.0,4.0,168.71,117.73,,18.26,289.08,547.4,70.96,0.344,1.175,24224,9.8,0,18.675302148229,76.9,,,,
Rosja,RUS,2014,2.7,2.3,3.0,4.0,4.0,3.7,169.08,118.87,,16.89,271.37,519.17,,0.328,1.175,24387,8.9,1,18.0273313931418,73.3,,,,
Rumunia,ROU,1989,1.0,1.0,1.0,1.0,1.0,1.0,148.52,77.33,165.0,11.48,199.77,712.3,69.64,0.044,1.915,5942,8.7,1,,77.4,2.4,,0.6,
Rumunia,ROU,1990,1.0,1.0,1.0,1.0,1.0,1.0,147.88,79.36,174.82,9.37,202.2,705.7,69.78,0.584,1.886,5596,8.9,0,13.3232311458212,76.8,2.8,15.0,37.7,
Rumunia,ROU,1991,1.0,1.0,1.7,2.7,1.0,1.0,149.27,75.46,169.41,9.76,209.52,729.49,70.11,0.584,1.886,5033,8.9,0,15.1504151731022,77.0,3.3,25.0,161.1,3.0
Rumunia,ROU,1992,1.0,1.0,1.7,2.7,2.0,3.0,154.27,76.74,173.16,12.0,221.85,751.08,69.58,0.592,1.886,4818,8.8,0,14.2821601539176,75.2,2.6,25.0,210.4,8.2
Rumunia,ROU,1993,1.0,2.0,2.0,3.7,2.0,3.0,158.96,76.3,177.52,12.62,251.63,753.02,69.51,0.592,1.886,5056,9.0,0,12.3439044111041,72.1,2.7,30.0,256.1,10.4
Rumunia,ROU,1994,1.0,2.0,2.0,4.0,2.3,4.0,160.76,78.19,181.0,13.03,247.1,739.34,69.36,0.592,1.886,5427,7.8,0,13.7660430465801,77.8,3.0,35.0,136.7,10.9
Rumunia,ROU,1995,1.0,2.0,2.0,4.0,2.7,4.0,162.55,80.78,188.48,12.59,248.44,747.76,69.38,0.592,1.886,6015,8.2,0,12.2487057525031,79.3,3.2,40.0,32.3,9.5
Rumunia,ROU,1996,1.0,2.0,2.7,4.0,3.0,3.0,165.77,80.35,199.7,12.7,261.52,794.43,68.85,0.649,1.886,6476,8.1,0,11.6731209989726,77.6,3.4,60.0,38.8,6.6
Rumunia,ROU,1997,2.3,2.0,2.7,4.0,3.3,4.0,167.1,78.05,199.33,12.83,256.01,756.75,69.15,0.634,1.886,6446,8.7,0,12.6917149344512,78.4,,60.0,154.8,8.9
Rumunia,ROU,1998,2.3,2.0,2.7,4.3,3.3,4.3,166.6,72.64,184.5,12.6,248.45,730.1,69.92,0.634,1.664,6407,7.3,0,11.8926601761255,77.0,,60.0,59.1,10.3
Rumunia,ROU,1999,2.3,2.0,2.7,4.3,3.7,4.3,166.27,64.55,120.85,12.04,249.73,719.79,70.59,0.634,1.664,6614,7.7,0,16.7184869681314,76.5,,60.0,45.8,11.8
Rumunia,ROU,2000,2.3,2.0,3.0,4.3,3.7,4.3,170.84,64.02,118.1,12.44,230.58,667.64,71.24,0.662,1.664,7090,9.0,0,16.8590050338122,76.2,,60.0,45.7,10.5
Rumunia,ROU,2001,2.3,2.0,3.3,4.3,3.7,4.3,175.0,63.04,122.26,11.89,228.36,662.67,71.27,0.679,1.52,7860,12.1,0,15.7967278693328,75.4,,65.0,34.5,8.8
Rumunia,ROU,2002,2.3,2.0,3.3,4.3,3.7,4.3,177.63,65.38,127.02,13.65,235.96,699.47,70.97,0.679,1.52,8674,13.2,0,14.8243105242938,65.7,,65.0,22.5,8.4
Rumunia,ROU,2003,2.3,2.0,3.3,4.3,3.7,4.3,177.87,63.18,121.24,12.78,230.0,688.9,71.32,0.683,1.533,9369,11.6,0,16.0448025610991,66.2,,65.0,15.4,7.2
Rumunia,ROU,2004,2.3,2.0,3.7,4.3,3.7,4.3,176.95,60.08,114.88,11.96,220.6,649.44,71.87,0.683,1.533,10531,11.8,0,14.7275942495003,66.7,,70.0,11.9,
Rumunia,ROU,2005,2.3,2.3,3.7,4.3,3.7,4.3,179.54,57.8,110.17,11.42,217.83,645.47,72.21,0.719,1.533,11314,9.6,0,16.2399747055988,68.1,,,,
Rumunia,ROU,2006,2.7,2.7,3.7,4.3,3.7,4.3,179.8,57.67,105.58,11.85,213.52,618.73,72.69,0.719,1.533,12823,9.9,0,15.9232658405555,69.8,,,,
Rumunia,ROU,2007,2.7,2.7,3.7,4.3,3.7,4.3,178.31,55.09,104.37,10.54,200.9,578.07,73.27,0.719,1.533,14419,11.0,0,15.3905496262431,71.4,,,,
Rumunia,ROU,2008,2.7,2.7,3.7,4.3,3.7,4.3,179.78,57.19,109.23,10.63,194.28,558.32,73.47,0.734,1.533,16347,12.4,0,15.8802915132391,73.3,,,,
Rumunia,ROU,2009,2.7,2.7,3.7,4.3,3.7,4.3,181.42,53.91,108.84,11.17,188.83,548.63,73.6,0.734,1.533,15866,11.0,0,16.1008182783231,73.2,,,,
Rumunia,ROU,2010,3.0,2.7,3.7,4.3,3.7,4.3,180.1,53.27,107.96,11.9,187.19,539.76,73.83,0.749,1.533,16377,9.9,0,15.0223287183306,73.7,,,,
Rumunia,ROU,2011,3.3,2.7,3.7,4.3,3.7,4.3,181.01,46.15,92.61,10.97,174.57,511.28,74.6,0.749,1.533,17174,9.5,0,13.5263054824729,68.5,,,,
Rumunia,ROU,2012,3.3,2.7,3.7,4.3,3.7,4.3,183.13,48.27,94.2,11.38,171.3,500.41,74.57,0.749,1.533,17174,9.6,0,13.7701345444659,69.6,,,,
Rumunia,ROU,2013,3.3,2.7,3.7,4.3,3.7,4.3,183.97,45.71,88.59,10.97,161.76,470.18,75.0,0.779,1.533,17979,9.6,0,14.2828758426557,69.7,,,,
Rumunia,ROU,2014,3.3,2.7,3.7,4.3,3.7,4.3,184.66,44.6,88.62,9.91,160.65,463.05,75.07,0.779,1.184,18515,9.5,0,14.1783362360873,70.9,,,,
Słowacja,SVK,1989,1.0,1.0,1.0,1.0,1.0,1.0,221.12,79.16,,17.73,269.79,583.1,71.17,,,12734,13.0,0,,79.6,5.0,,1.5,
Słowacja,SVK,1990,1.0,1.0,1.0,1.0,1.0,1.0,219.53,80.39,,16.56,322.29,605.82,71.14,,,12374,13.4,0,25.9180225191167,77.0,5.4,10.0,18.4,
Słowacja,SVK,1991,2.0,2.0,1.0,4.0,3.0,3.0,222.95,80.9,,15.29,323.2,611.33,71.06,,,10537,13.7,0,24.3554705016392,67.5,4.9,15.0,61.2,
Słowacja,SVK,1992,2.0,2.0,2.0,4.0,4.0,4.0,212.66,78.73,124.08,15.78,264.06,530.78,72.1,,,9839,12.7,0,29.9302044418951,67.5,5.1,30.0,10.0,
Słowacja,SVK,1993,2.0,3.0,3.0,4.0,4.0,4.0,211.77,74.84,116.52,14.59,256.81,524.11,72.62,0.729,1.877,10481,12.1,0,27.7486512029139,65.0,6.4,45.0,23.2,12.2
Słowacja,SVK,1994,3.0,3.0,3.0,4.0,4.0,4.0,219.66,71.99,105.24,13.59,302.74,567.95,72.5,0.707,1.877,11064,10.6,0,23.7147145293256,64.0,7.1,55.0,13.4,13.7
Słowacja,SVK,1995,3.0,3.0,3.0,4.0,4.0,4.0,222.89,70.73,105.29,14.31,289.94,577.89,72.45,0.707,1.877,11874,10.3,0,23.4776534939055,64.3,5.9,60.0,9.9,13.1
Słowacja,SVK,1996,3.0,3.0,3.0,4.0,4.3,4.3,222.31,68.17,99.52,12.84,279.17,549.5,72.98,0.707,1.877,12623,10.7,0,25.0558284707739,65.9,7.0,70.0,5.8,11.3
Słowacja,SVK,1997,3.0,2.7,4.0,4.0,4.3,4.0,221.81,70.26,102.17,12.1,277.51,553.34,72.95,0.707,1.877,13335,10.8,0,22.8759668936053,64.6,6.7,75.0,6.1,11.8
Słowacja,SVK,1998,3.0,2.7,4.0,4.0,4.3,4.3,238.4,63.01,101.41,12.48,276.06,569.73,72.8,0.768,1.877,13822,10.0,0,23.0929537584568,63.7,6.4,75.0,6.7,12.5
Słowacja,SVK,1999,3.0,3.0,4.0,4.0,4.3,4.3,229.86,57.96,96.92,12.94,275.58,539.69,73.24,0.837,1.877,13750,10.0,0,21.0532828948601,61.2,6.0,75.0,10.6,17.1
Słowacja,SVK,2000,3.0,3.0,4.0,4.0,4.3,4.3,226.2,57.65,94.63,13.44,290.45,534.05,73.44,0.837,1.877,13905,11.0,0,20.7617345907303,59.8,5.9,80.0,12.0,18.6
Słowacja,SVK,2001,3.0,3.0,4.0,4.0,4.3,4.3,225.29,56.55,93.35,12.69,288.34,540.05,73.69,0.837,1.877,14362,10.8,0,20.9303072591013,60.1,5.7,80.0,7.1,19.2
Słowacja,SVK,2002,3.0,3.3,4.0,4.3,4.3,4.3,214.19,55.63,93.3,13.03,280.35,522.92,73.88,0.773,1.877,14985,10.8,0,20.4103009831873,59.9,5.7,80.0,3.3,18.5
Słowacja,SVK,2003,3.0,3.3,4.0,4.3,4.3,4.3,212.94,56.18,91.59,13.66,287.06,521.41,73.88,0.773,1.877,15773,9.9,0,20.8461836926193,60.6,,80.0,8.5,17.4
Słowacja,SVK,2004,3.3,3.3,4.0,4.3,4.3,4.3,209.14,55.46,88.38,12.05,275.97,505.02,74.31,0.773,1.877,16571,10.1,0,18.9037166727334,60.4,,80.0,7.5,
Słowacja,SVK,2005,3.3,3.7,4.0,4.3,4.3,4.3,209.61,56.11,91.08,11.99,269.7,511.35,74.24,0.773,1.877,17650,11.0,0,18.5595916579985,61.3,,,,
Słowacja,SVK,2006,3.3,3.7,4.0,4.3,4.3,4.3,203.12,54.45,89.99,,246.35,499.26,74.53,0.726,1.877,19099,10.6,0,18.7732945323312,63.4,,,,
Słowacja,SVK,2007,3.3,3.7,4.0,4.3,4.3,4.3,203.95,52.2,89.32,,266.48,484.4,74.65,0.73,1.877,21110,10.7,0,17.1378008512126,64.7,,,,
Słowacja,SVK,2008,3.3,3.7,4.0,4.3,4.3,4.3,201.24,55.31,91.25,10.21,278.25,461.12,75.05,0.744,1.877,22232,11.2,0,17.5418458706665,66.7,,,,
Słowacja,SVK,2009,3.3,3.7,4.0,4.3,4.3,4.3,196.71,51.01,84.89,10.3,268.08,446.61,75.42,0.744,1.877,20953,10.7,0,20.0059445657921,64.8,,,,
Słowacja,SVK,2010,3.3,3.7,4.0,4.3,4.3,4.3,196.72,50.11,82.42,10.77,260.73,440.21,75.66,0.777,1.877,21941,10.1,0,19.2064841969329,64.2,,,,
Słowacja,SVK,2011,3.7,3.7,4.0,4.3,4.3,4.3,,,,,,,,0.789,1.877,22483,10.2,0,18.3560850522368,64.9,,,,
Słowacja,SVK,2012,3.7,3.7,4.0,4.3,4.3,4.3,199.87,56.02,92.37,9.7,204.7,349.53,76.33,0.822,1.877,22816,10.1,0,17.8032795774858,65.7,,,,
Słowacja,SVK,2013,3.3,3.7,4.0,4.3,4.3,4.0,203.95,50.8,82.19,10.34,206.16,348.4,76.7,0.811,1.877,23132,9.9,0,18.0395982882231,66.2,,,,
Słowacja,SVK,2014,3.3,3.7,4.0,4.3,4.3,4.0,201.77,50.51,83.17,9.14,187.39,323.17,77.07,0.811,1.877,23703,10.1,0,18.3081999887673,67.7,,,,
Słowenia,SVN,1989,1.0,1.0,1.0,2.7,3.0,2.0,206.3,94.02,144.38,34.54,102.29,426.53,73.55,0.597,3.241,19837,13.0,0,,74.5,5.6,,2772.0,
Słowenia,SVN,1990,1.0,1.0,1.0,3.7,3.0,2.0,207.41,87.51,132.42,27.87,121.7,439.24,74.09,0.643,3.241,18093,13.8,0,15.0021615931305,71.7,5.6,15.0,104.6,
Słowenia,SVN,1991,1.0,1.0,1.0,3.7,3.0,3.0,216.06,91.94,143.38,32.12,130.81,441.96,73.69,0.795,3.241,16402,13.2,1,16.3918318286677,66.1,5.2,,117.7,7.3
Słowenia,SVN,1992,1.0,1.0,1.0,3.7,3.0,3.0,216.94,90.0,137.61,28.76,140.56,415.9,73.77,0.824,3.241,15463,13.6,0,17.5382162578652,62.6,7.4,,207.3,8.3
Słowenia,SVN,1993,2.0,2.0,2.0,3.7,4.0,4.0,222.61,92.29,142.56,30.06,148.34,435.63,73.6,0.824,3.241,15872,14.3,0,18.1859620289561,66.6,7.1,,32.9,9.1
Słowenia,SVN,1994,2.0,2.7,2.0,3.7,4.0,4.0,211.35,94.95,143.3,30.16,140.96,404.54,74.16,0.824,3.241,16665,13.4,0,17.4208981695947,67.0,7.2,,21.0,9.0
Słowenia,SVN,1995,2.0,2.7,2.7,3.7,4.0,4.0,215.8,82.43,128.84,27.21,110.18,366.35,74.9,0.831,3.241,17817,13.4,0,17.8103024253508,69.2,7.0,45.0,13.4,7.4
Słowenia,SVN,1996,2.0,2.7,2.7,3.7,4.3,4.3,212.72,86.67,130.05,29.15,108.39,358.58,75.24,0.831,3.241,18376,12.0,0,17.7498140253232,68.8,6.9,45.0,9.9,7.3
Słowenia,SVN,1997,2.0,2.7,3.0,3.7,4.3,4.3,218.54,83.2,125.74,28.17,122.47,337.82,75.26,0.831,3.241,19259,11.2,0,17.6801599607077,70.2,6.8,50.0,8.4,7.4
Słowenia,SVN,1998,2.3,2.7,3.0,4.0,4.3,4.3,211.32,77.51,118.87,29.0,122.83,347.32,75.34,0.831,3.241,19851,8.3,0,17.7086511936463,70.9,6.9,50.0,7.9,7.7
Słowenia,SVN,1999,2.3,2.7,3.0,4.0,4.3,4.3,210.08,77.06,120.56,27.84,113.96,330.88,75.76,0.831,3.241,20794,10.6,0,17.8793597502985,69.5,6.7,55.0,6.1,7.6
Słowenia,SVN,2000,2.7,2.7,3.0,4.0,4.3,4.3,204.21,70.26,115.4,27.17,104.89,314.66,76.28,0.831,3.241,21501,11.2,0,18.5801348713853,69.3,6.9,60.0,8.9,7.2
Słowenia,SVN,2001,2.7,2.7,3.0,4.0,4.3,4.3,204.08,70.76,117.48,26.53,100.15,298.42,76.48,0.831,3.241,22007,13.0,0,19.0166487371692,70.7,7.1,65.0,8.4,6.4
Słowenia,SVN,2002,2.7,3.0,3.0,4.0,4.3,4.3,204.85,66.73,109.21,24.45,89.39,290.52,76.72,0.831,3.241,22725,11.6,0,18.8764656164774,71.2,5.8,65.0,7.5,5.9
Słowenia,SVN,2003,2.7,3.0,3.0,4.0,4.3,4.3,203.66,70.09,111.42,25.0,94.37,295.29,76.52,0.831,3.241,23257,11.2,0,18.9488478344695,69.1,,65.0,5.6,6.7
Słowenia,SVN,2004,2.7,3.0,3.0,4.0,4.3,4.3,198.81,65.15,103.98,22.69,82.45,276.99,77.32,0.831,3.241,24151,13.5,0,18.967640025862,72.9,,65.0,3.7,
Słowenia,SVN,2005,2.7,3.0,3.0,4.0,4.3,4.3,196.96,61.84,93.77,21.98,80.2,288.02,77.57,0.831,3.241,24967,10.3,0,19.0441682578157,72.7,,,,
Słowenia,SVN,2006,2.7,3.0,3.0,4.0,4.3,4.3,197.96,66.39,99.15,22.79,68.22,261.2,78.35,0.831,3.241,26183,12.2,0,18.7581500100337,74.1,,,,
Słowenia,SVN,2007,2.7,3.0,3.0,4.0,4.3,4.3,202.45,65.86,101.18,18.4,67.18,259.15,78.53,0.831,3.241,27833,11.0,0,17.522268498338,75.8,,,,
Słowenia,SVN,2008,2.7,3.0,3.0,4.0,4.3,4.3,201.56,59.86,94.93,17.19,67.31,234.65,79.3,0.828,3.241,28474,11.0,0,18.2486517559431,75.4,,,,
Słowenia,SVN,2009,2.7,3.0,3.0,4.0,4.3,4.3,198.42,61.13,95.58,18.71,64.42,231.77,79.46,0.909,2.517,25906,10.5,0,20.3966028910296,74.9,,,,
Słowenia,SVN,2010,3.0,3.0,3.0,4.0,4.3,4.3,195.99,56.31,90.95,17.17,63.47,218.4,79.96,0.93,2.114,26001,10.3,0,20.5968980752648,74.3,,,,
Słowenia,SVN,2011,3.0,3.0,3.0,4.0,4.3,4.3,189.99,59.0,91.13,17.46,61.81,207.18,80.24,0.876,2.114,26004,10.6,0,20.7174320914296,72.5,,,,
Słowenia,SVN,2012,2.7,3.0,3.0,4.0,4.3,4.3,185.94,55.08,90.02,17.85,60.39,205.84,80.39,0.907,2.114,25252,11.0,0,20.5364965325746,72.1,,,,
Słowenia,SVN,2013,2.7,3.0,3.0,4.0,4.3,4.3,188.42,50.93,83.94,18.03,56.27,198.39,80.56,0.898,2.396,24944,9.5,0,19.8659414498386,71.5,,,,
Słowenia,SVN,2014,2.7,3.0,3.0,4.0,4.3,4.3,177.6,42.94,71.95,15.57,52.52,198.26,81.34,0.891,2.396,25693,10.9,0,19.0721509937972,73.1,,,,
Ukraina,UKR,1989,1.0,1.0,1.0,1.0,1.0,1.0,182.34,101.57,,20.97,339.47,625.87,70.97,,,10082,5.3,0,17.3414173023013,83.2,,,,
Ukraina,UKR,1990,1.0,1.0,1.0,1.0,1.0,1.0,184.4,107.38,,20.53,317.13,589.03,70.53,0.17,3.58,9607,5.7,0,16.5269461077844,81.9,,10.0,,
Ukraina,UKR,1991,1.0,1.0,1.0,1.0,1.0,1.0,188.43,117.49,139.7,20.53,332.25,610.87,69.68,0.314,3.58,8899,5.9,0,17.4247491638796,80.5,3.3,10.0,91.0,0.0
Ukraina,UKR,1992,2.0,1.0,1.0,1.0,1.0,1.0,188.13,128.46,152.19,22.27,347.1,624.73,69.09,0.451,2.451,8130,5.5,0,17.5581164315518,78.5,,10.0,1210.0,0.3
Ukraina,UKR,1993,2.0,1.0,1.0,1.0,2.0,1.0,185.3,130.85,156.49,23.72,406.67,706.01,68.32,0.44,1.881,7090,5.5,0,15.9833550275505,76.2,3.3,15.0,4735.0,0.3
Ukraina,UKR,1994,2.0,1.0,1.0,2.7,2.0,1.0,185.52,143.33,170.1,26.41,441.03,745.98,67.71,0.417,1.881,5585,4.2,0,19.3616050920069,73.1,,40.0,891.0,1.3
Ukraina,UKR,1995,2.0,2.0,2.0,3.7,2.0,3.0,182.61,159.93,192.58,28.01,465.13,779.3,66.87,0.417,1.881,5024,3.7,0,21.2696475667331,76.8,,45.0,377.0,0.5
Ukraina,UKR,1996,2.0,2.0,2.0,3.7,3.0,3.0,176.77,155.29,188.4,29.23,469.95,773.37,67.18,0.453,1.675,4637,3.3,0,21.7593449379899,77.2,3.8,50.0,80.0,0.3
Ukraina,UKR,1997,2.3,2.0,2.3,4.0,3.3,3.0,174.21,145.24,176.47,28.77,475.45,770.69,67.77,0.45,1.675,4612,4.0,0,27.3989189739196,76.7,3.5,55.0,16.0,2.3
Ukraina,UKR,1998,2.3,2.0,2.3,4.0,3.3,2.7,173.31,136.36,163.98,28.62,459.86,745.01,68.62,0.45,1.675,4640,3.7,0,24.6079158422115,74.9,3.5,55.0,10.6,3.7
Ukraina,UKR,1999,2.3,2.0,2.3,4.0,3.3,3.0,174.39,139.12,168.14,27.78,482.89,767.32,68.19,0.43,1.675,4751,3.9,0,19.8295030741632,65.6,3.1,55.0,22.7,4.3
Ukraina,UKR,2000,2.3,2.0,2.7,4.0,3.3,3.0,173.15,143.37,175.28,28.03,504.53,789.4,67.88,0.452,2.027,5166,6.7,0,17.8966433502907,67.1,4.2,60.0,28.2,4.2
Ukraina,UKR,2001,2.3,2.0,3.0,4.0,3.3,3.0,169.0,146.12,180.73,25.49,497.81,775.16,68.09,0.452,2.027,5794,7.0,0,18.9037528116491,67.1,,60.0,12.0,3.7
Ukraina,UKR,2002,2.3,2.0,3.0,4.0,3.7,3.3,166.9,153.17,186.73,24.46,516.93,799.57,67.85,0.452,2.027,6263,6.7,0,17.6870050995567,68.0,,65.0,0.8,3.8
Ukraina,UKR,2003,2.3,2.0,3.0,4.0,4.0,3.3,164.25,145.78,181.73,24.05,530.82,819.59,67.83,0.452,2.027,7030,6.4,0,18.2398009770871,68.2,,65.0,5.2,3.6
Ukraina,UKR,2004,2.3,2.0,3.0,4.0,4.0,3.3,162.67,143.77,185.35,22.02,522.85,807.88,67.71,0.452,2.027,8049,6.1,0,16.8907882666189,67.0,,65.0,8.1,
Ukraina,UKR,2005,2.3,2.0,3.0,4.0,4.0,3.7,162.47,141.16,,20.8,543.7,827.06,67.29,0.633,2.027,8497,6.8,0,17.5271415295468,68.0,,,,
Ukraina,UKR,2006,2.3,2.0,3.0,4.0,4.0,3.7,159.87,130.33,,19.54,529.44,801.63,67.99,0.602,2.027,9356,7.4,0,17.6479333401768,68.1,,,,
Ukraina,UKR,2007,2.3,2.0,3.0,4.0,4.0,3.7,158.85,133.44,,19.61,522.4,791.51,67.67,0.602,1.771,10356,8.1,0,17.0338141354216,68.9,,,,
Ukraina,UKR,2008,2.3,2.0,3.0,4.0,4.0,4.3,157.28,123.94,,18.49,516.49,781.29,68.07,0.607,1.62,10824,9.4,0,16.9735340157991,69.4,,,,
Ukraina,UKR,2009,2.3,2.3,3.0,4.0,4.0,4.0,156.61,98.41,,19.02,493.45,737.58,69.69,0.607,1.62,9381,9.0,0,19.4404260845876,67.4,,,,
Ukraina,UKR,2010,2.3,2.3,3.0,4.0,4.0,4.0,156.39,88.43,,17.88,491.9,732.71,70.32,0.479,1.46,9601,7.8,0,19.6666919510791,68.2,,,,
Ukraina,UKR,2011,2.3,2.3,3.0,4.0,4.0,4.0,155.87,85.09,,17.68,459.46,682.79,71.12,0.482,1.46,10333,8.8,0,17.6915870255815,66.1,,,,
Ukraina,UKR,2012,2.3,2.3,3.0,4.0,4.0,4.0,161.32,83.43,,17.81,450.07,667.11,71.29,0.482,1.57,10383,8.6,0,18.9399463777572,66.7,,,,
Ukraina,UKR,2013,2.3,2.3,3.0,4.0,4.0,4.0,,,,,,,,0.547,1.57,10404,8.8,0,18.8979527234302,70.6,,,,
Ukraina,UKR,2014,2.3,2.3,3.0,4.0,4.0,4.0,152.99,85.42,,16.56,457.15,673.67,71.44,0.782,1.438,9818,7.6,1,18.6657760497569,64.8,,,,
Węgry,HUN,1989,1.0,1.0,1.0,2.7,1.0,2.0,259.62,115.41,220.75,39.96,234.78,624.52,69.66,0.513,1.235,11003,14.1,0,,83.0,5.2,,18.1,
Węgry,HUN,1990,1.0,1.0,2.0,4.0,1.0,3.0,266.68,121.05,229.89,38.13,239.66,643.93,69.45,0.793,1.982,10296,13.9,0,,82.9,6.1,25.0,33.4,
Węgry,HUN,1991,2.0,2.0,2.0,4.3,1.0,4.0,270.2,117.15,230.89,36.73,243.48,635.51,69.5,0.792,1.982,9256,13.3,0,24.8379533180649,79.6,6.3,30.0,35.0,7.4
Węgry,HUN,1992,2.0,3.0,2.0,4.3,2.0,4.0,277.04,118.24,246.59,36.83,247.79,635.18,69.17,0.792,1.982,9154,13.0,0,25.6670327987146,71.1,6.8,40.0,23.0,12.3
Węgry,HUN,1993,2.0,3.0,3.0,4.3,3.0,4.0,275.48,110.87,247.41,33.96,257.79,640.48,69.17,0.792,1.982,9294,13.1,0,27.6366628899357,63.9,6.7,50.0,22.5,12.1
Węgry,HUN,1994,3.0,3.0,3.0,4.3,3.7,4.3,276.78,106.31,245.18,33.19,246.61,604.71,69.64,0.792,1.982,9772,12.9,0,25.3907577917523,58.4,7.2,55.0,18.8,10.4
Węgry,HUN,1995,3.0,3.0,4.0,4.3,3.7,4.3,276.19,100.88,237.26,30.47,248.74,591.98,70.05,0.792,1.982,10135,12.2,0,22.7949765557116,57.2,6.3,60.0,28.2,10.4
Węgry,HUN,1996,3.0,3.0,4.0,4.3,4.0,4.3,277.98,94.91,176.86,30.94,250.6,587.36,70.65,0.792,1.982,10359,12.5,0,21.5524505456692,56.6,5.9,70.0,23.6,10.5
Węgry,HUN,1997,3.0,3.0,4.0,4.3,4.3,4.3,277.15,90.08,172.94,28.76,244.81,561.61,71.06,0.792,1.982,10942,12.3,0,21.2097985664491,56.5,5.7,75.0,18.3,10.4
Węgry,HUN,1998,3.0,3.3,4.0,4.3,4.3,4.3,275.87,90.34,175.91,29.3,247.06,565.68,70.97,0.792,1.982,11663,12.2,0,20.8824814204097,57.4,5.5,80.0,14.3,9.1
Węgry,HUN,1999,3.0,3.3,4.0,4.3,4.3,4.3,284.54,92.29,179.99,30.58,254.08,588.38,70.75,0.792,1.982,12317,12.2,0,21.2197129970005,59.2,5.3,80.0,10.0,7.0
Węgry,HUN,2000,3.0,3.3,4.0,4.3,4.3,4.3,278.74,84.87,164.72,29.92,238.4,548.25,71.49,0.792,1.982,13129,12.0,0,21.1714871886978,59.8,5.1,80.0,9.8,6.4
Węgry,HUN,2001,3.0,3.3,4.0,4.3,4.3,4.3,265.59,80.62,151.77,26.57,225.46,503.83,72.56,0.792,1.982,13934,13.2,0,21.0636287555601,60.1,5.1,80.0,9.2,5.7
Węgry,HUN,2002,3.0,3.3,4.0,4.3,4.3,4.3,262.26,81.52,149.41,25.39,221.7,503.89,72.64,0.792,1.982,14899,13.3,0,21.855542036297,60.4,,80.0,5.3,5.8
Węgry,HUN,2003,3.0,3.3,4.0,4.3,4.3,4.3,263.81,79.94,149.48,24.8,232.66,508.29,72.59,0.792,1.982,15830,13.2,0,23.0395033323141,61.4,,80.0,4.7,5.9
Węgry,HUN,2004,3.3,3.3,4.0,4.3,4.3,4.3,260.77,76.79,143.43,24.34,233.57,486.95,73.03,0.792,1.982,16999,13.2,0,22.0441935715458,61.2,,80.0,6.8,
Węgry,HUN,2005,3.3,3.7,4.0,4.3,4.3,4.3,237.44,67.89,129.42,23.18,261.33,502.43,73.01,0.77,1.435,18141,13.0,0,22.1446969663743,61.3,,,,
Węgry,HUN,2006,3.3,3.7,4.0,4.3,4.3,4.3,239.89,64.93,125.64,21.77,240.71,460.24,73.57,0.77,1.402,19253,13.2,0,22.0122861042098,61.7,,,,
Węgry,HUN,2007,3.3,3.7,4.0,4.3,4.3,4.3,240.89,62.51,124.02,21.4,226.59,449.85,73.65,0.77,1.402,19764,12.6,0,20.7877161589285,61.8,,,,
Węgry,HUN,2008,3.3,3.7,4.0,4.3,4.3,4.3,241.73,60.85,118.24,21.53,216.95,428.58,74.23,0.77,1.402,20381,11.8,0,21.3871831168946,61.3,,,,
Węgry,HUN,2009,3.3,3.7,4.0,4.3,4.3,4.3,243.16,58.96,114.35,21.79,214.81,421.21,74.45,0.77,1.402,19461,11.5,0,22.0633713417813,60.0,,,,
Węgry,HUN,2010,3.7,3.7,4.0,4.3,4.3,4.3,238.86,57.35,108.75,21.7,215.05,418.73,74.78,0.706,1.402,20036,10.8,0,21.4452733386217,60.4,,,,
Węgry,HUN,2011,3.7,3.7,4.0,4.3,4.3,4.3,238.66,54.01,100.4,21.24,207.49,402.07,75.15,0.679,1.402,20886,11.4,0,20.6306576272386,60.6,,,,
Węgry,HUN,2012,3.7,3.7,4.0,4.3,4.3,4.3,238.68,52.17,92.89,20.24,205.76,400.94,75.33,0.679,1.402,20631,11.1,0,20.0094207331442,62.4,,,,
Węgry,HUN,2013,3.3,3.7,4.0,4.0,4.3,4.0,232.62,48.41,85.81,17.92,197.27,387.05,75.81,0.599,1.085,21126,10.6,0,19.7285704568356,64.1,,,,
Węgry,HUN,2014,3.3,3.7,4.0,4.0,4.3,4.0,229.86,46.07,83.77,16.51,194.24,380.5,76.02,0.568,1.085,22040,10.9,0,19.9810520498971,68.4,,,,
Łotwa,LVA,1989,1.0,1.0,1.0,1.0,1.0,1.0,198.49,129.16,,25.51,370.54,651.87,70.51,,,15661,7.5,0,,-,,,,
Łotwa,LVA,1990,1.0,1.0,1.0,1.0,1.0,1.0,194.23,138.32,,25.76,390.93,673.17,69.58,0.565,1.632,15806,6.7,0,,-,2.5,10.0,,
Łotwa,LVA,1991,1.0,1.0,1.0,2.7,1.0,1.0,198.16,156.37,173.92,28.11,375.96,652.94,69.18,0.702,1.632,13775,6.7,0,,-,2.6,,172.0,0.6
Łotwa,LVA,1992,2.0,2.0,2.0,4.0,2.0,2.0,197.39,168.46,185.18,34.86,386.36,663.42,68.59,0.694,1.632,9411,6.9,0,,-,2.8,,951.2,3.9
Łotwa,LVA,1993,2.0,2.0,2.0,4.3,3.0,3.0,193.89,211.16,236.83,42.17,430.15,743.67,66.7,0.653,1.632,8439,8.0,0,,-,4.1,,109.2,5.8
Łotwa,LVA,1994,2.0,2.0,2.0,4.3,4.0,4.0,198.21,234.93,270.31,40.22,459.53,796.92,65.62,0.676,1.632,8704,9.6,0,,-,4.1,40.0,35.9,6.5
Łotwa,LVA,1995,2.0,2.0,2.0,4.3,4.0,4.0,195.26,204.1,239.48,40.14,405.86,749.94,66.44,0.715,1.632,8709,9.1,0,24.3091375509984,-,4.0,55.0,25.0,6.6
Łotwa,LVA,1996,2.0,3.0,3.0,4.3,4.0,4.0,195.27,154.17,183.89,36.41,344.75,652.14,68.8,0.716,1.632,8947,8.4,0,22.6105142061952,64.1,4.0,60.0,17.6,7.2
Łotwa,LVA,1997,2.3,2.7,3.0,4.3,4.0,4.0,192.94,154.6,180.65,34.89,338.05,629.32,69.44,0.716,1.843,9773,8.4,0,21.6150158493476,67.4,3.8,60.0,8.4,7.0
Łotwa,LVA,1998,2.3,2.7,3.0,4.3,4.0,4.0,196.72,158.46,188.15,33.47,357.47,638.95,69.11,0.716,1.843,10430,8.9,0,23.25351553711,67.5,3.3,65.0,4.7,13.8
Łotwa,LVA,1999,2.3,2.7,3.0,4.3,4.0,4.3,198.05,156.31,185.94,30.0,326.99,604.67,70.18,0.753,1.843,10708,8.8,0,23.185658931445,66.5,4.1,65.0,2.4,14.4
Łotwa,LVA,2000,2.3,2.7,3.0,4.3,4.3,4.3,192.93,153.03,180.46,30.85,323.32,599.25,70.51,0.753,1.843,11310,7.1,0,21.4196678660864,64.9,3.5,65.0,2.6,14.4
Łotwa,LVA,2001,2.3,2.7,3.0,4.3,4.3,4.3,199.98,151.9,183.94,28.84,313.53,621.41,69.95,0.753,1.843,12104,6.7,0,20.9705592163701,66.9,3.4,65.0,2.5,12.9
Łotwa,LVA,2002,2.3,2.7,3.3,4.3,4.3,4.3,196.01,151.83,176.05,27.67,301.88,613.11,70.25,0.753,1.843,13015,7.4,0,21.3131866017934,69.4,3.6,70.0,1.9,12.2
Łotwa,LVA,2003,2.7,3.0,3.7,4.3,4.3,4.3,196.82,138.65,162.88,24.52,298.59,607.48,70.73,0.753,1.843,14142,8.2,0,22.0849455815967,70.9,,70.0,3.0,10.6
Łotwa,LVA,2004,2.7,3.0,3.7,4.3,4.3,4.3,196.74,132.34,156.92,22.87,299.55,593.9,70.98,0.803,1.998,15371,8.8,0,20.6903575535647,72.0,,70.0,6.2,
Łotwa,LVA,2005,3.0,3.0,3.7,4.3,4.3,4.3,197.94,134.79,161.51,23.18,295.46,596.15,70.72,0.77,1.998,17070,9.9,0,18.6297888598336,73.4,,,,
Łotwa,LVA,2006,3.0,3.0,3.7,4.3,4.3,4.3,204.02,135.37,163.93,19.94,287.03,579.67,70.6,0.77,1.998,19129,10.4,0,18.1781962805696,77.6,,,,
Łotwa,LVA,2007,3.0,3.0,3.7,4.3,4.3,4.3,197.54,118.71,151.9,18.52,305.98,580.27,70.85,0.77,1.998,21042,12.1,0,18.600884165274,75.9,,,,
Łotwa,LVA,2008,3.0,3.0,3.7,4.3,4.3,4.3,196.23,102.75,133.58,21.79,269.95,518.64,72.13,0.797,1.998,20342,11.8,0,20.7010687057421,76.7,,,,
Łotwa,LVA,2009,3.3,3.0,3.7,4.3,4.3,4.3,198.8,91.34,121.74,21.92,261.65,493.45,72.81,0.806,1.998,17582,9.9,0,19.5738971708732,67.8,,,,
Łotwa,LVA,2010,3.3,3.0,3.7,4.3,4.3,4.3,199.97,90.42,121.19,18.81,256.52,492.92,73.16,0.816,1.998,17140,9.8,0,18.7899697736523,65.4,,,,
Łotwa,LVA,2011,3.7,3.0,3.7,4.3,4.3,4.3,194.3,79.19,110.0,18.73,246.33,466.18,73.92,0.806,1.998,18428,10.1,0,19.2557040077919,68.1,,,,
Łotwa,LVA,2012,3.7,3.3,3.7,4.3,4.3,4.3,194.52,81.98,110.7,19.45,243.01,470.47,74.13,0.806,1.998,19405,10.2,0,17.988056098072,70.6,,,,
Łotwa,LVA,2013,3.7,3.3,3.7,4.3,4.3,4.3,192.48,77.89,107.48,16.97,231.81,462.4,74.42,0.838,1.79,20129,10.4,0,18.2811109375838,73.5,,,,
Łotwa,LVA,2014,3.7,3.3,3.7,4.3,4.3,4.3,191.74,81.82,110.93,17.19,222.22,447.47,74.77,0.84,1.911,20751,10.6,0,18.4883353835292,74.2,,,,
